-- phpMyAdmin SQL Dump
-- version 4.8.3
-- https://www.phpmyadmin.net/
--
-- Host: localhost:3306
-- Generation Time: Nov 06, 2019 at 04:07 AM
-- Server version: 5.6.44-cll-lve
-- PHP Version: 7.2.7

SET SQL_MODE = "NO_AUTO_VALUE_ON_ZERO";
SET AUTOCOMMIT = 0;
START TRANSACTION;
SET time_zone = "+00:00";


/*!40101 SET @OLD_CHARACTER_SET_CLIENT=@@CHARACTER_SET_CLIENT */;
/*!40101 SET @OLD_CHARACTER_SET_RESULTS=@@CHARACTER_SET_RESULTS */;
/*!40101 SET @OLD_COLLATION_CONNECTION=@@COLLATION_CONNECTION */;
/*!40101 SET NAMES utf8mb4 */;

--
-- Database: `online_zainmotomarket`
--

-- --------------------------------------------------------

--
-- Table structure for table `admin`
--

CREATE TABLE `admin` (
  `id` int(11) NOT NULL,
  `username` varchar(255) COLLATE utf8mb4_turkish_ci NOT NULL,
  `password` varchar(255) COLLATE utf8mb4_turkish_ci NOT NULL,
  `email` varchar(255) COLLATE utf8mb4_turkish_ci NOT NULL
) ENGINE=InnoDB DEFAULT CHARSET=utf8mb4 COLLATE=utf8mb4_turkish_ci;

--
-- Dumping data for table `admin`
--

INSERT INTO `admin` (`id`, `username`, `password`, `email`) VALUES
(1, 'admin', '5f4dcc3b5aa765d61d8327deb882cf99', ''),
(2, 'sami', '4f8de24d6093ac5d25c7cfafc474d49f', '');

-- --------------------------------------------------------

--
-- Table structure for table `brands`
--

CREATE TABLE `brands` (
  `brand_id` int(11) NOT NULL,
  `brand_name` varchar(255) NOT NULL,
  `brand_active` int(11) NOT NULL DEFAULT '0',
  `brand_status` int(11) NOT NULL DEFAULT '0'
) ENGINE=InnoDB DEFAULT CHARSET=latin1;

--
-- Dumping data for table `brands`
--

INSERT INTO `brands` (`brand_id`, `brand_name`, `brand_active`, `brand_status`) VALUES
(1, 'Zain Cable', 1, 1);

-- --------------------------------------------------------

--
-- Table structure for table `budget`
--

CREATE TABLE `budget` (
  `budget_id` int(11) NOT NULL,
  `budget_name` text NOT NULL,
  `budget_amount` double NOT NULL,
  `budget_type` varchar(300) NOT NULL,
  `budget_date` date NOT NULL,
  `budget_add_date` timestamp NOT NULL DEFAULT CURRENT_TIMESTAMP ON UPDATE CURRENT_TIMESTAMP
) ENGINE=InnoDB DEFAULT CHARSET=latin1;

--
-- Dumping data for table `budget`
--

INSERT INTO `budget` (`budget_id`, `budget_name`, `budget_amount`, `budget_type`, `budget_date`, `budget_add_date`) VALUES
(1, 'Sale of Order #1', 250, 'income', '2019-04-06', '2019-04-26 08:09:11'),
(2, 'Sale of Order #2', 7000, 'income', '2019-04-06', '2019-04-29 11:42:36'),
(8, 'Sale of Order #3', 1200, 'income', '2019-04-06', '2019-04-30 13:06:38'),
(9, 'Sale of Order #4', 29100, 'income', '2019-04-30', '2019-04-30 15:06:20'),
(10, 'Sale of Order #5', 3600, 'income', '2019-04-07', '2019-04-30 15:34:06'),
(11, 'Sale of Order #6', 190, 'income', '2019-04-07', '2019-04-30 15:54:05'),
(12, 'Sale of Order #7', 390, 'income', '2019-04-07', '2019-04-30 15:57:27'),
(13, 'Sale of Order #8', 240, 'income', '2019-04-30', '2019-04-30 15:59:09'),
(14, 'Sale of Order #9', 91900, 'income', '2019-04-07', '2019-04-30 16:13:50'),
(15, 'Sale of Order #10', 700, 'income', '2019-04-07', '2019-04-30 16:31:50'),
(16, 'Sale of Order #11', 4010, 'income', '2019-04-07', '2019-04-30 16:35:32'),
(17, 'Sale of Order #12', 0, 'income', '2019-04-30', '2019-04-30 16:56:59'),
(18, 'Sale of Order #13', 1010, 'income', '2019-04-07', '2019-04-30 17:03:04'),
(19, 'Sale of Order #14', 100, 'income', '2019-06-22', '2019-06-22 20:40:03'),
(20, 'Sale of Order #14', 23000, 'income', '2019-04-06', '2019-07-04 11:39:42'),
(21, 'Sale of Order #15', 5800, 'income', '2019-04-06', '2019-07-04 11:49:25'),
(22, 'Sale of Order #16', 3600, 'income', '2019-07-04', '2019-07-04 11:51:27'),
(23, 'Sale of Order #17', 189, 'income', '2019-07-04', '2019-07-04 11:53:00'),
(24, 'Sale of Order #18', 390, 'income', '2019-07-04', '2019-07-04 11:54:29'),
(25, 'Sale of Order #19', 240, 'income', '2019-04-07', '2019-07-04 11:55:49'),
(26, 'Sale of Order #20', 700, 'income', '2019-04-07', '2019-07-04 12:01:58'),
(27, 'Sale of Order #21', 4010, 'income', '2019-07-04', '2019-07-04 12:07:43'),
(28, 'Sale of Order #22', 1010, 'income', '2019-04-07', '2019-07-04 12:11:47'),
(29, 'Sale of Order #23', 5000, 'income', '2019-04-07', '2019-07-04 12:13:23'),
(30, 'Sale of Order #24', 124800, 'income', '2019-04-07', '2019-07-04 12:27:49'),
(31, 'Sale of Order #25', 1100, 'income', '2019-04-07', '2019-07-04 12:29:29'),
(32, 'Sale of Order #26', 210, 'income', '2019-04-08', '2019-07-04 12:35:01'),
(33, 'Sale of Order #27', 250, 'income', '2019-04-07', '2019-07-04 12:36:43'),
(34, 'Sale of Order #28', 750, 'income', '2019-04-08', '2019-07-04 12:37:55'),
(35, 'Sale of Order #29', 1840, 'income', '2019-04-08', '2019-07-04 12:40:09'),
(36, 'Sale of Order #30', 400, 'income', '2019-04-08', '2019-07-04 12:41:48'),
(37, 'Sale of Order #31', 1350, 'income', '2019-04-08', '2019-07-04 12:44:52'),
(38, 'Sale of Order #32', 700, 'income', '2019-04-08', '2019-07-04 12:47:01'),
(39, 'Sale of Order #33', 1800, 'income', '2019-04-08', '2019-07-04 12:49:15'),
(40, 'Sale of Order #34', 1000, 'income', '2019-07-08', '2019-07-04 12:50:38'),
(41, 'Sale of Order #35', 960, 'income', '2019-07-08', '2019-07-04 12:52:40'),
(42, 'Sale of Order #36', 2200, 'income', '2019-04-08', '2019-07-04 12:55:11'),
(43, 'Sale of Order #37', 380, 'income', '2019-04-08', '2019-07-04 12:56:38'),
(44, 'Sale of Order #38', 900, 'income', '2019-04-08', '2019-07-04 12:57:53'),
(45, 'Sale of Order #39', 28900, 'income', '2019-04-08', '2019-07-04 13:14:24'),
(46, 'Sale of Order #40', 850, 'income', '2019-04-09', '2019-07-04 13:16:48'),
(47, 'Sale of Order #41', 11090, 'income', '2019-04-09', '2019-07-04 13:55:38'),
(48, 'Sale of Order #42', 2550, 'income', '2019-04-09', '2019-07-04 13:59:50'),
(49, 'Sale of Order #43', 1200, 'income', '2019-04-09', '2019-07-06 13:38:09'),
(50, 'Sale of Order #44', 400, 'income', '2019-04-09', '2019-07-06 13:41:06'),
(51, 'Sale of Order #45', 950, 'income', '2019-04-09', '2019-07-06 13:44:19'),
(52, 'Sale of Order #46', 1470, 'income', '2019-04-09', '2019-07-06 14:07:03'),
(53, 'Sale of Order #47', 1200, 'income', '2019-04-09', '2019-07-06 14:09:43'),
(54, 'Sale of Order #48', 500, 'income', '2019-04-09', '2019-07-06 14:10:51'),
(55, 'Sale of Order #49', 600, 'income', '2019-04-10', '2019-07-06 14:14:11'),
(56, 'Sale of Order #50', 1200, 'income', '2019-04-10', '2019-07-06 14:15:39'),
(57, 'Sale of Order #51', 3400, 'income', '2019-04-10', '2019-07-06 14:31:20'),
(58, 'Sale of Order #52', 100, 'income', '2019-04-10', '2019-07-06 14:37:35'),
(59, 'Sale of Order #53', 1700, 'income', '2019-04-10', '2019-07-06 14:43:35'),
(60, 'Sale of Order #54', 1900, 'income', '2019-04-10', '2019-07-06 14:44:52'),
(61, 'Sale of Order #55', 900, 'income', '2019-04-10', '2019-07-06 14:46:11'),
(62, 'Sale of Order #56', 2200, 'income', '2019-04-11', '2019-07-06 14:48:11'),
(63, 'Sale of Order #57', 1400, 'income', '2019-04-11', '2019-07-06 14:49:41'),
(64, 'Sale of Order #58', 7820, 'income', '2019-04-11', '2019-07-06 14:56:48'),
(65, 'Sale of Order #59', 1300, 'income', '2019-04-11', '2019-07-06 14:59:05'),
(66, 'Sale of Order #60', 900, 'income', '2019-04-11', '2019-07-06 15:00:14'),
(67, 'Sale of Order #61', 150, 'income', '2019-04-11', '2019-07-06 15:02:04'),
(68, 'Sale of Order #62', 6900, 'income', '2019-07-11', '2019-07-06 15:06:04'),
(69, 'Sale of Order #63', 2200, 'income', '2019-07-11', '2019-07-06 15:08:13'),
(70, 'Sale of Order #64', 1600, 'income', '2019-04-11', '2019-07-06 15:09:57'),
(71, 'Sale of Order #65', 4050, 'income', '2019-04-11', '2019-07-06 15:11:50'),
(72, 'Sale of Order #66', 1650, 'income', '2019-04-11', '2019-07-06 15:49:54'),
(73, 'Sale of Order #67', 10410, 'income', '2019-04-13', '2019-07-06 15:57:33'),
(74, 'Sale of Order #68', 500, 'income', '2019-04-14', '2019-07-07 07:50:32'),
(75, 'Sale of Order #69', 800, 'income', '2019-04-14', '2019-07-07 07:53:03'),
(76, 'Sale of Order #70', 800, 'income', '2019-04-14', '2019-07-07 07:53:03'),
(77, 'Sale of Order #71', 800, 'income', '2019-04-14', '2019-07-07 07:54:18'),
(78, 'Sale of Order #72', 1450, 'income', '2019-04-14', '2019-07-07 07:55:41'),
(79, 'Sale of Order #73', 8200, 'income', '2019-04-14', '2019-07-07 07:58:01'),
(80, 'Sale of Order #74', 435, 'income', '2019-04-14', '2019-07-07 07:59:12'),
(81, 'Sale of Order #75', 3725, 'income', '2019-04-14', '2019-07-07 08:04:15'),
(82, 'Sale of Order #76', 5100, 'income', '2019-04-14', '2019-07-07 08:06:36'),
(83, 'Sale of Order #77', 380, 'income', '2019-04-14', '2019-07-07 08:39:18'),
(84, 'Sale of Order #78', 950, 'income', '2019-04-14', '2019-07-07 08:42:25'),
(85, 'Sale of Order #79', 180, 'income', '2019-04-14', '2019-07-07 08:44:24'),
(86, 'Sale of Order #80', 480, 'income', '2019-04-14', '2019-07-07 08:46:36'),
(87, 'Sale of Order #81', 1250, 'income', '2019-07-14', '2019-07-07 08:48:35'),
(88, 'Sale of Order #82', 360, 'income', '2019-04-14', '2019-07-07 08:50:54'),
(89, 'Sale of Order #83', 2420, 'income', '2019-04-14', '2019-07-07 08:53:11'),
(90, 'Sale of Order #84', 1050, 'income', '2019-04-14', '2019-07-07 08:57:30'),
(91, 'Sale of Order #85', 280, 'income', '2019-04-14', '2019-07-07 09:15:13'),
(92, 'Sale of Order #86', 4500, 'income', '2019-04-15', '2019-07-07 09:17:56'),
(93, 'Sale of Order #87', 7050, 'income', '2019-04-15', '2019-07-07 09:25:21'),
(94, 'Sale of Order #88', 1500, 'income', '2019-04-15', '2019-07-07 09:27:36'),
(95, 'Sale of Order #89', 700, 'income', '2019-04-15', '2019-07-07 09:29:56'),
(96, 'Sale of Order #90', 360, 'income', '2019-04-15', '2019-07-07 09:31:16'),
(97, 'Sale of Order #91', 4500, 'income', '2019-04-16', '2019-07-07 09:32:48'),
(98, 'Sale of Order #92', 600, 'income', '2019-04-16', '2019-07-07 09:34:26'),
(99, 'Sale of Order #93', 6400, 'income', '2019-04-16', '2019-07-07 09:38:58'),
(100, 'Sale of Order #94', 1200, 'income', '2019-04-16', '2019-07-07 09:41:58'),
(101, 'Sale of Order #95', 2100, 'income', '2019-04-16', '2019-07-07 09:44:17'),
(102, 'Sale of Order #96', 300, 'income', '2019-04-16', '2019-07-07 09:46:19'),
(103, 'Sale of Order #97', 3800, 'income', '2019-04-16', '2019-07-07 09:48:30'),
(104, 'Sale of Order #98', 9000, 'income', '2019-04-16', '2019-07-07 09:51:23'),
(105, 'Sale of Order #99', 3280, 'income', '2019-04-17', '2019-07-07 09:57:51'),
(106, 'Sale of Order #100', 12600, 'income', '2019-04-17', '2019-07-07 10:04:30'),
(107, 'Sale of Order #101', 850, 'income', '2019-04-17', '2019-07-07 10:07:52'),
(108, 'Sale of Order #102', 5675, 'income', '2019-04-17', '2019-07-07 10:13:39'),
(109, 'Sale of Order #103', 5675, 'income', '2019-04-17', '2019-07-07 10:13:39'),
(110, 'Sale of Order #104', 500, 'income', '2019-04-17', '2019-07-07 10:14:40'),
(111, 'Sale of Order #105', 1500, 'income', '2019-04-18', '2019-07-07 10:16:05'),
(112, 'Sale of Order #106', 1000, 'income', '2019-04-18', '2019-07-07 10:20:23'),
(113, 'Sale of Order #107', 4800, 'income', '2019-04-18', '2019-07-07 10:23:22'),
(114, 'Sale of Order #108', 500, 'income', '2019-04-18', '2019-07-07 10:30:04'),
(115, 'Sale of Order #109', 1050, 'income', '2019-04-18', '2019-07-07 10:33:45'),
(116, 'Sale of Order #110', 5000, 'income', '2019-04-18', '2019-07-07 10:37:01'),
(117, 'Sale of Order #111', 2050, 'income', '2019-07-18', '2019-07-07 10:39:24'),
(118, 'Sale of Order #112', 1500, 'income', '2019-04-18', '2019-07-07 10:40:40'),
(119, 'Sale of Order #113', 780, 'income', '2019-04-18', '2019-07-07 10:42:43'),
(120, 'Sale of Order #114', 1170, 'income', '2019-04-20', '2019-07-07 10:44:38'),
(121, 'Sale of Order #115', 1600, 'income', '2019-04-20', '2019-07-07 10:47:20'),
(122, 'Sale of Order #116', 2220, 'income', '2019-04-20', '2019-07-07 10:51:08'),
(123, 'Sale of Order #117', 1200, 'income', '2019-04-20', '2019-07-07 14:43:26'),
(124, 'Sale of Order #118', 30000, 'income', '2019-04-20', '2019-07-07 14:45:17'),
(125, 'Sale of Order #119', 1200, 'income', '2019-04-20', '2019-07-07 14:46:29'),
(126, 'Sale of Order #120', 500, 'income', '2019-04-21', '2019-07-07 14:52:01'),
(127, 'Sale of Order #121', 525, 'income', '2019-04-21', '2019-07-07 14:53:46'),
(128, 'Sale of Order #122', 11050, 'income', '2019-04-21', '2019-07-07 14:56:38'),
(129, 'Sale of Order #123', 2400, 'income', '2019-04-21', '2019-07-07 15:01:08'),
(130, 'Sale of Order #124', 1000, 'income', '2019-04-21', '2019-07-07 15:03:25'),
(131, 'Sale of Order #125', 900, 'income', '2019-04-21', '2019-07-07 15:04:48'),
(132, 'Sale of Order #126', 250, 'income', '2019-04-21', '2019-07-07 15:05:51'),
(133, 'Sale of Order #127', 8000, 'income', '2019-04-21', '2019-07-07 15:10:14'),
(134, 'Sale of Order #128', 2000, 'income', '2019-04-21', '2019-07-07 15:13:30'),
(135, 'Sale of Order #129', 700, 'income', '2019-04-21', '2019-07-07 15:14:50'),
(136, 'Sale of Order #130', 3600, 'income', '2019-07-22', '2019-07-07 15:16:09'),
(137, 'Sale of Order #131', 390, 'income', '2019-04-22', '2019-07-07 15:17:51'),
(138, 'Sale of Order #132', 2750, 'income', '2019-04-22', '2019-07-07 15:22:54'),
(139, 'Sale of Order #133', 11400, 'income', '2019-04-22', '2019-07-07 15:24:24'),
(140, 'Sale of Order #134', 750, 'income', '2019-04-22', '2019-07-07 15:25:50'),
(141, 'Sale of Order #135', 1200, 'income', '2019-04-23', '2019-07-07 15:27:05'),
(142, 'Sale of Order #136', 500, 'income', '2019-04-23', '2019-07-07 15:29:01'),
(143, 'Sale of Order #137', 1000, 'income', '2019-04-23', '2019-07-07 15:30:13'),
(144, 'Sale of Order #138', 3500, 'income', '2019-04-23', '2019-07-07 15:31:29'),
(145, 'Sale of Order #139', 7300, 'income', '2019-04-23', '2019-07-07 15:52:21'),
(146, 'Sale of Order #140', 900, 'income', '2019-04-23', '2019-07-07 15:54:33'),
(147, 'Sale of Order #141', 1200, 'income', '2019-04-23', '2019-07-07 15:55:49'),
(148, 'Sale of Order #142', 3300, 'income', '2019-04-23', '2019-07-07 15:57:01'),
(149, 'Sale of Order #143', 1000, 'income', '2019-04-23', '2019-07-07 15:58:01'),
(150, 'Sale of Order #144', 1200, 'income', '2019-04-23', '2019-07-07 15:58:53'),
(151, 'Sale of Order #145', 90, 'income', '2019-04-23', '2019-07-07 16:00:21'),
(152, 'Sale of Order #146', 3100, 'income', '2019-04-23', '2019-07-07 16:01:12'),
(153, 'Sale of Order #147', 1000, 'income', '2019-04-23', '2019-07-07 16:02:45'),
(154, 'Sale of Order #148', 270, 'income', '2019-04-23', '2019-07-07 16:03:48'),
(155, 'Sale of Order #149', 6500, 'income', '2019-04-24', '2019-07-09 11:44:47'),
(156, 'Sale of Order #150', 13522, 'income', '2019-04-24', '2019-07-09 12:01:26'),
(157, 'Sale of Order #151', 13358, 'income', '2019-04-25', '2019-07-09 12:16:07'),
(158, 'Sale of Order #152', 3000, 'income', '2019-04-26', '2019-07-09 12:19:54'),
(159, 'Sale of Order #153', 13450, 'income', '2019-04-27', '2019-07-09 13:02:49'),
(160, 'Sale of Order #154', 37485, 'income', '2019-04-28', '2019-07-09 13:16:04'),
(161, 'Sale of Order #155', 400, 'income', '2019-04-29', '2019-07-11 07:04:01'),
(162, 'Sale of Order #156', 3200, 'income', '2019-04-29', '2019-07-11 07:06:04'),
(163, 'Sale of Order #157', 2650, 'income', '2019-04-29', '2019-07-11 07:08:30'),
(164, 'Sale of Order #158', 10400, 'income', '2019-07-11', '2019-07-11 07:10:23'),
(165, 'Sale of Order #159', 500, 'income', '2019-04-29', '2019-07-11 07:11:22'),
(166, 'Sale of Order #160', 27140, 'income', '2019-04-29', '2019-07-11 07:12:43'),
(167, 'Sale of Order #161', 2550, 'income', '2019-04-29', '2019-07-11 07:14:39'),
(168, 'Sale of Order #162', 560, 'income', '2019-04-30', '2019-07-11 07:15:47'),
(169, 'Sale of Order #163', 19495, 'income', '2019-07-11', '2019-07-11 07:20:45'),
(170, 'Sale of Order #164', 5600, 'income', '2019-04-30', '2019-07-11 07:23:29'),
(171, 'Sale of Order #165', 2500, 'income', '2019-04-30', '2019-07-11 07:35:42'),
(172, 'Sale of Order #166', 1800, 'income', '2019-05-01', '2019-07-11 07:37:14'),
(173, 'Sale of Order #167', 1050, 'income', '2019-05-01', '2019-07-11 07:38:07'),
(174, 'Sale of Order #168', 3100, 'income', '2019-05-01', '2019-07-11 07:44:29'),
(175, 'Sale of Order #169', 660, 'income', '2019-05-01', '2019-07-11 07:45:20'),
(176, 'Sale of Order #170', 1150, 'income', '2019-05-01', '2019-07-11 07:46:28'),
(177, 'Sale of Order #171', 735, 'income', '2019-05-01', '2019-07-11 07:51:18'),
(178, 'Sale of Order #172', 350, 'income', '2019-05-01', '2019-07-11 07:52:54'),
(179, 'Sale of Order #173', 1080, 'income', '2019-05-01', '2019-07-11 07:54:35'),
(180, 'Sale of Order #174', 500, 'income', '2019-05-02', '2019-07-11 07:55:59'),
(181, 'Sale of Order #175', 2100, 'income', '2019-05-01', '2019-07-11 07:58:40'),
(182, 'Sale of Order #176', 2100, 'income', '2019-05-02', '2019-07-11 09:57:48'),
(183, 'Sale of Order #177', 680, 'income', '2019-05-02', '2019-07-11 09:59:23'),
(184, 'Sale of Order #178', 4000, 'income', '2019-05-02', '2019-07-11 10:00:32'),
(185, 'Sale of Order #179', 1700, 'income', '2019-05-02', '2019-07-11 10:01:56'),
(186, 'Sale of Order #180', 7500, 'income', '2019-05-02', '2019-07-11 10:07:43'),
(187, 'Sale of Order #181', 97350, 'income', '2019-05-03', '2019-07-11 10:23:00'),
(188, 'Sale of Order #182', 8680, 'income', '2019-05-04', '2019-07-11 11:44:53'),
(189, 'Sale of Order #183', 15312, 'income', '2019-05-05', '2019-07-11 12:23:34'),
(190, 'Sale of Order #184', 60313, 'income', '2019-05-06', '2019-07-11 12:53:22'),
(191, 'Sale of Order #185', 400, 'income', '2019-05-05', '2019-07-12 13:11:03'),
(192, 'Sale of Order #186', 500, 'income', '2019-05-07', '2019-07-12 13:37:42'),
(193, 'Sale of Order #187', 37185, 'income', '2019-05-07', '2019-07-23 08:13:32'),
(194, 'Sale of Order #188', 47470, 'income', '2019-05-08', '2019-07-23 08:25:14'),
(195, 'Sale of Order #189', 35784, 'income', '2019-05-09', '2019-07-23 08:48:16');

-- --------------------------------------------------------

--
-- Table structure for table `budget_category`
--

CREATE TABLE `budget_category` (
  `budget_category_id` int(11) NOT NULL,
  `budget_category_name` text NOT NULL,
  `budget_category_type` varchar(400) NOT NULL,
  `budget_category_add_date` timestamp NOT NULL DEFAULT CURRENT_TIMESTAMP ON UPDATE CURRENT_TIMESTAMP
) ENGINE=InnoDB DEFAULT CHARSET=latin1;

--
-- Dumping data for table `budget_category`
--

INSERT INTO `budget_category` (`budget_category_id`, `budget_category_name`, `budget_category_type`, `budget_category_add_date`) VALUES
(1, 'shop expense ', 'expense', '2019-04-29 12:05:30'),
(2, 'shop rent', 'expense', '2019-07-03 15:44:26');

-- --------------------------------------------------------

--
-- Table structure for table `categories`
--

CREATE TABLE `categories` (
  `categories_id` int(11) NOT NULL,
  `categories_name` varchar(255) NOT NULL,
  `categories_active` int(11) NOT NULL DEFAULT '0',
  `categories_status` int(11) NOT NULL DEFAULT '0'
) ENGINE=InnoDB DEFAULT CHARSET=latin1;

--
-- Dumping data for table `categories`
--

INSERT INTO `categories` (`categories_id`, `categories_name`, `categories_active`, `categories_status`) VALUES
(1, 'Cooper ', 1, 1),
(2, 'Silver', 1, 1),
(3, 'brakers', 1, 1);

-- --------------------------------------------------------

--
-- Table structure for table `company`
--

CREATE TABLE `company` (
  `id` int(10) NOT NULL,
  `name` varchar(100) NOT NULL,
  `logo` text NOT NULL,
  `address` varchar(100) NOT NULL,
  `company_phone` varchar(100) NOT NULL,
  `personal_phone` varchar(100) NOT NULL,
  `email` varchar(10) NOT NULL
) ENGINE=InnoDB DEFAULT CHARSET=latin1;

--
-- Dumping data for table `company`
--

INSERT INTO `company` (`id`, `name`, `logo`, `address`, `company_phone`, `personal_phone`, `email`) VALUES
(5, 'Zain Cable', '13131457345cb884aa7bf8e.jpg', 'Motor Market Jhang Road Faisalabad ', '03424397449', '123456789', '12356');

-- --------------------------------------------------------

--
-- Table structure for table `customers`
--

CREATE TABLE `customers` (
  `customer_id` int(11) NOT NULL,
  `customer_name` varchar(2000) NOT NULL,
  `customer_email` varchar(200) NOT NULL,
  `customer_phone` varchar(13) NOT NULL,
  `customer_address` text NOT NULL,
  `customer_active` int(255) NOT NULL,
  `customer_add_date` timestamp NOT NULL DEFAULT CURRENT_TIMESTAMP
) ENGINE=InnoDB DEFAULT CHARSET=latin1;

--
-- Dumping data for table `customers`
--

INSERT INTO `customers` (`customer_id`, `customer_name`, `customer_email`, `customer_phone`, `customer_address`, `customer_active`, `customer_add_date`) VALUES
(1, 'cash in Hand', 'abcd@gmail.com', '1234', 'abcd', 1, '2019-04-21 18:34:45'),
(2, 'adnan cable', '', '03007688009', 'motor market', 1, '2019-04-27 16:49:48'),
(3, 'waqas traders market', '', '030072504344', 'motor market', 1, '2019-04-29 11:24:35'),
(4, 'shahzam cable ', '', '03237623223', 'motor market', 1, '2019-04-29 11:29:12'),
(5, 'al imran cable', '', '', 'motor market', 1, '2019-04-30 15:26:18'),
(6, 'kamran ', '', '03247166464', '', 1, '2019-04-30 15:46:26'),
(7, 'tajammal hussain', '', '03424397449', '', 1, '2019-05-23 10:05:31'),
(8, 'madina cable', '', '03006655164', '', 1, '2019-06-18 15:56:29'),
(9, 'sun rise', '', '03006692361', '', 1, '2019-06-19 12:08:03'),
(10, 'prime cables', '', '', '', 1, '2019-06-19 12:48:06'),
(11, 'sami', 'imsami67@gmail.com', '03457573667', 'main bazar sadhar faisalabad', 1, '2019-06-22 20:36:54');

-- --------------------------------------------------------

--
-- Table structure for table `orders`
--

CREATE TABLE `orders` (
  `order_id` int(11) NOT NULL,
  `order_date` date NOT NULL,
  `client_name` varchar(255) NOT NULL,
  `client_contact` varchar(255) NOT NULL,
  `sub_total` varchar(255) NOT NULL,
  `vat` varchar(255) NOT NULL,
  `total_amount` varchar(255) NOT NULL,
  `discount` varchar(255) NOT NULL,
  `cod` varchar(200) NOT NULL,
  `grand_total` varchar(255) NOT NULL,
  `paid` varchar(255) NOT NULL,
  `due` varchar(255) NOT NULL,
  `payment_type` int(11) NOT NULL,
  `payment_status` int(11) NOT NULL,
  `order_status` varchar(11) NOT NULL DEFAULT '0',
  `address` varchar(500) NOT NULL,
  `reason_cancle` varchar(255) NOT NULL,
  `charges` varchar(200) NOT NULL,
  `note` varchar(1000) NOT NULL,
  `pending_order` varchar(1000) NOT NULL,
  `tracking` varchar(200) NOT NULL,
  `profit` varchar(255) NOT NULL,
  `transaction_id` int(11) NOT NULL DEFAULT '0'
) ENGINE=InnoDB DEFAULT CHARSET=latin1;

--
-- Dumping data for table `orders`
--

INSERT INTO `orders` (`order_id`, `order_date`, `client_name`, `client_contact`, `sub_total`, `vat`, `total_amount`, `discount`, `cod`, `grand_total`, `paid`, `due`, `payment_type`, `payment_status`, `order_status`, `address`, `reason_cancle`, `charges`, `note`, `pending_order`, `tracking`, `profit`, `transaction_id`) VALUES
(1, '2019-04-06', '1', 'manawar ali 03447666736', '650', '0.00', '650.00', '0', '0', '650.00', '650', '0.00', 2, 1, '1', '0', '0', '0', '0', '0', '0', '0', 0),
(2, '2019-04-06', '3', '_', '7190', '0.00', '7190.00', '0', '0', '7190.00', '7000', '190.00', 2, 1, '1', '0', '0', '0', '0', '0', '0', '0', 2),
(3, '2019-04-06', '1', 'nadeem javed03247100292', '1200', '0.00', '1200.00', '0', '0', '1200.00', '1200', '0.00', 2, 1, '1', '0', '0', '0', '0', '0', '0', '0', 0),
(4, '2019-04-30', '1', '_', '30350', '0.00', '30350.00', '0', '0', '30350.00', '29100', '1250.00', 2, 1, '1', '0', '0', '0', '0', '0', '0', '0', 4),
(5, '2019-04-07', '1', '_m riaz sahib', '3600', '0.00', '3600.00', '0', '0', '3600.00', '3600', '0.00', 2, 1, '1', '0', '0', '0', '0', '0', '0', '0', 0),
(6, '2019-04-07', '1', '_shakeel sahib', '189', '0.00', '189.00', '0', '0', '189.00', '190', '-1.00', 2, 1, '1', '0', '0', '0', '0', '0', '0', '0', 6),
(7, '2019-04-07', '1', '_asif sahib03069093837', '390', '0.00', '390.00', '0', '0', '390.00', '390', '0.00', 2, 1, '1', '0', '0', '0', '0', '0', '0', '0', 0),
(8, '2019-04-30', '1', 'amjad farook ', '240', '0.00', '240.00', '0', '0', '240.00', '240', '0.00', 2, 1, '1', '0', '0', '0', '0', '0', '0', '0', 0),
(9, '2019-04-07', '1', '_haji tufail', '91900', '0.00', '91900.00', '0', '0', '91900.00', '91900', '0.00', 2, 1, '1', '0', '0', '0', '0', '0', '0', '0', 0),
(10, '2019-04-07', '1', '_', '700', '0.00', '700.00', '0', '0', '700.00', '700', '0.00', 2, 1, '1', '0', '0', '0', '0', '0', '0', '0', 0),
(11, '2019-04-07', '1', '_muhammad saeed', '4068', '0.00', '4068.00', '0', '0', '4068.00', '4010', '58.00', 2, 1, '1', '0', '0', '0', '0', '0', '0', '0', 7),
(12, '2019-04-30', '1', '_jani 03046777603', '75', '0.00', '75.00', '0', '0', '75.00', '0', '75.00', 2, 1, '1', '0', '0', '0', '0', '0', '0', '0', 8),
(13, '2019-04-07', '2', '_arif saeed jaranwala', '1008', '0.00', '1008.00', '0', '0', '1008.00', '1010', '-2.00', 2, 1, '1', '0', '0', '0', '0', '0', '0', '0', 9),
(14, '2019-04-06', '4', '_arif', '23000', '0.00', '23000.00', '0', '0', '23000.00', '23000', '0.00', 2, 1, '1', '0', '0', '0', '0', '0', '0', '0', 0),
(15, '2019-04-06', '1', '_arif', '5800', '0.00', '5800.00', '0', '0', '5800.00', '5800', '0.00', 2, 1, '1', '0', '0', '0', '0', '0', '0', '0', 0),
(16, '2019-07-04', '1', '_riaz', '3600', '0.00', '3600.00', '0', '0', '3600.00', '3600', '0.00', 2, 1, '1', '0', '0', '0', '0', '0', '0', '0', 0),
(17, '2019-07-04', '1', '_shakeel', '189', '0.00', '189.00', '0', '0', '189.00', '189', '0.00', 2, 1, '1', '0', '0', '0', '0', '0', '0', '0', 0),
(18, '2019-07-04', '1', '_', '390', '0.00', '390.00', '0', '0', '390.00', '390', '0.00', 2, 1, '1', '0', '0', '0', '0', '0', '0', '0', 0),
(19, '2019-04-07', '1', '_', '240', '0.00', '240.00', '0', '0', '240.00', '240', '0.00', 2, 1, '1', '0', '0', '0', '0', '0', '0', '0', 0),
(20, '2019-04-07', '1', '_', '700', '0.00', '700.00', '0', '0', '700.00', '700', '0.00', 2, 1, '1', '0', '0', '0', '0', '0', '0', '0', 0),
(21, '2019-07-04', '1', '_', '4068', '0.00', '4068.00', '0', '0', '4068.00', '4010', '58.00', 2, 1, '1', '0', '0', '0', '0', '0', '0', '0', 27),
(22, '2019-04-07', '1', '_', '1008', '0.00', '1008.00', '0', '0', '1008.00', '1010', '-2.00', 2, 1, '1', '0', '0', '0', '0', '0', '0', '0', 28),
(23, '2019-04-07', '1', 'waqas air cooler wale', '5000', '0.00', '5000.00', '0', '0', '5000.00', '5000', '0.00', 2, 1, '1', '0', '0', '0', '0', '0', '0', '0', 0),
(24, '2019-04-07', '1', '_', '124800', '0.00', '124800.00', '0', '0', '124800.00', '124800', '0.00', 2, 1, '1', '0', '0', '0', '0', '0', '0', '0', 0),
(25, '2019-04-07', '1', '_', '1100', '0.00', '1100.00', '0', '0', '1100.00', '1100', '0.00', 2, 1, '1', '0', '0', '0', '0', '0', '0', '0', 0),
(26, '2019-04-08', '1', '_', '210', '0.00', '210.00', '0', '0', '210.00', '210', '0.00', 2, 1, '1', '0', '0', '0', '0', '0', '0', '0', 0),
(27, '2019-04-07', '1', '_', '250', '0.00', '250.00', '0', '0', '250.00', '250', '0.00', 2, 1, '1', '0', '0', '0', '0', '0', '0', '0', 0),
(28, '2019-04-08', '1', '_', '750', '0.00', '750.00', '0', '0', '750.00', '750', '0.00', 2, 1, '1', '0', '0', '0', '0', '0', '0', '0', 0),
(29, '2019-04-08', '1', '_', '1840', '0.00', '1840.00', '0', '0', '1840.00', '1840', '0.00', 2, 1, '1', '0', '0', '0', '0', '0', '0', '0', 0),
(30, '2019-04-08', '1', '_', '400', '0.00', '400.00', '0', '0', '400.00', '400', '0.00', 2, 1, '1', '0', '0', '0', '0', '0', '0', '0', 0),
(31, '2019-04-08', '1', '_', '1350', '0.00', '1350.00', '0', '0', '1350.00', '1350', '0.00', 2, 1, '1', '0', '0', '0', '0', '0', '0', '0', 0),
(32, '2019-04-08', '1', '_', '720', '0.00', '720.00', '0', '0', '720.00', '700', '20.00', 2, 1, '1', '0', '0', '0', '0', '0', '0', '0', 29),
(33, '2019-04-08', '1', '_', '1800', '0.00', '1800.00', '0', '0', '1800.00', '1800', '0.00', 2, 1, '1', '0', '0', '0', '0', '0', '0', '0', 0),
(34, '2019-07-08', '1', '_', '1000', '0.00', '1000.00', '0', '0', '1000.00', '1000', '0.00', 2, 1, '1', '0', '0', '0', '0', '0', '0', '0', 0),
(35, '2019-07-08', '1', '_', '960', '0.00', '960.00', '0', '0', '960.00', '960', '0.00', 2, 1, '1', '0', '0', '0', '0', '0', '0', '0', 0),
(36, '2019-04-08', '1', '_khuram electric', '2200', '0.00', '2200.00', '0', '0', '2200.00', '2200', '0.00', 2, 1, '1', '0', '0', '0', '0', '0', '0', '0', 0),
(37, '2019-04-08', '1', '_', '380', '0.00', '380.00', '0', '0', '380.00', '380', '0.00', 2, 1, '1', '0', '0', '0', '0', '0', '0', '0', 0),
(38, '2019-04-08', '1', '_', '900', '0.00', '900.00', '0', '0', '900.00', '900', '0.00', 2, 1, '1', '0', '0', '0', '0', '0', '0', '0', 0),
(39, '2019-04-08', '1', '_', '28940', '0.00', '28940.00', '0', '0', '28940.00', '28900', '40.00', 2, 1, '1', '0', '0', '0', '0', '0', '0', '0', 30),
(40, '2019-04-09', '1', '_', '855', '0.00', '855.00', '0', '0', '855.00', '850', '5.00', 2, 1, '1', '0', '0', '0', '0', '0', '0', '0', 31),
(41, '2019-04-09', '1', '_', '11090', '0.00', '11090.00', '0', '0', '11090.00', '11090', '0.00', 2, 1, '1', '0', '0', '0', '0', '0', '0', '0', 0),
(42, '2019-04-09', '1', '_', '2550', '0.00', '2550.00', '0', '0', '2550.00', '2550', '0.00', 2, 1, '1', '0', '0', '0', '0', '0', '0', '0', 0),
(43, '2019-04-09', '1', '_', '1200', '0.00', '1200.00', '0', '0', '1200.00', '1200', '0.00', 2, 1, '1', '0', '0', '0', '0', '0', '0', '0', 0),
(44, '2019-04-09', '1', '_', '400', '0.00', '400.00', '0', '0', '400.00', '400', '0.00', 2, 1, '1', '0', '0', '0', '0', '0', '0', '0', 0),
(45, '2019-04-09', '1', '_', '950', '0.00', '950.00', '0', '0', '950.00', '950', '0.00', 2, 1, '1', '0', '0', '0', '0', '0', '0', '0', 0),
(46, '2019-04-09', '1', '_', '1470', '0.00', '1470.00', '0', '0', '1470.00', '1470', '0.00', 2, 1, '1', '0', '0', '0', '0', '0', '0', '0', 0),
(47, '2019-04-09', '1', '_', '1210', '0.00', '1210.00', '0', '0', '1210.00', '1200', '10.00', 2, 1, '1', '0', '0', '0', '0', '0', '0', '0', 32),
(48, '2019-04-09', '1', '_', '500', '0.00', '500.00', '0', '0', '500.00', '500', '0.00', 2, 1, '1', '0', '0', '0', '0', '0', '0', '0', 0),
(49, '2019-04-10', '1', '_', '600', '0.00', '600.00', '0', '0', '600.00', '600', '0.00', 2, 1, '1', '0', '0', '0', '0', '0', '0', '0', 0),
(50, '2019-04-10', '1', '_', '1200', '0.00', '1200.00', '0', '0', '1200.00', '1200', '0.00', 2, 1, '1', '0', '0', '0', '0', '0', '0', '0', 0),
(51, '2019-04-10', '1', '_', '3400', '0.00', '3400.00', '0', '0', '3400.00', '3400', '0.00', 2, 1, '1', '0', '0', '0', '0', '0', '0', '0', 0),
(52, '2019-04-10', '1', '_', '100', '0.00', '100.00', '0', '0', '100.00', '100', '0.00', 2, 1, '1', '0', '0', '0', '0', '0', '0', '0', 0),
(53, '2019-04-10', '1', '_', '1700', '0.00', '1700.00', '0', '0', '1700.00', '1700', '0.00', 2, 1, '1', '0', '0', '0', '0', '0', '0', '0', 0),
(54, '2019-04-10', '1', '_', '1900', '0.00', '1900.00', '0', '0', '1900.00', '1900', '0.00', 2, 1, '1', '0', '0', '0', '0', '0', '0', '0', 0),
(55, '2019-04-10', '1', '_', '900', '0.00', '900.00', '0', '0', '900.00', '900', '0.00', 2, 1, '1', '0', '0', '0', '0', '0', '0', '0', 0),
(56, '2019-04-11', '1', 'khuram electric', '2200', '0.00', '2200.00', '0', '0', '2200.00', '2200', '0.00', 2, 1, '1', '0', '0', '0', '0', '0', '0', '0', 0),
(57, '2019-04-11', '1', '_', '1400', '0.00', '1400.00', '0', '0', '1400.00', '1400', '0.00', 2, 1, '1', '0', '0', '0', '0', '0', '0', '0', 0),
(58, '2019-04-11', '1', '_', '7820', '0.00', '7820.00', '0', '0', '7820.00', '7820', '0.00', 2, 1, '1', '0', '0', '0', '0', '0', '0', '0', 0),
(59, '2019-04-11', '1', '_', '1325', '0.00', '1325.00', '0', '0', '1325.00', '1300', '25.00', 2, 1, '1', '0', '0', '0', '0', '0', '0', '0', 33),
(60, '2019-04-11', '1', '_', '900', '0.00', '900.00', '0', '0', '900.00', '900', '0.00', 2, 1, '1', '0', '0', '0', '0', '0', '0', '0', 0),
(61, '2019-04-11', '1', '_', '150', '0.00', '150.00', '0', '0', '150.00', '150', '0.00', 2, 1, '1', '0', '0', '0', '0', '0', '0', '0', 0),
(62, '2019-07-11', '1', '_', '6900', '0.00', '6900.00', '0', '0', '6900.00', '6900', '0.00', 2, 1, '1', '0', '0', '0', '0', '0', '0', '0', 0),
(63, '2019-07-11', '1', '_', '2200', '0.00', '2200.00', '0', '0', '2200.00', '2200', '0.00', 2, 1, '1', '0', '0', '0', '0', '0', '0', '0', 0),
(64, '2019-04-11', '1', '_', '1600', '0.00', '1600.00', '0', '0', '1600.00', '1600', '0.00', 2, 1, '1', '0', '0', '0', '0', '0', '0', '0', 0),
(65, '2019-04-11', '1', '_', '4060', '0.00', '4060.00', '0', '0', '4060.00', '4050', '10.00', 2, 1, '1', '0', '0', '0', '0', '0', '0', '0', 34),
(66, '2019-04-11', '1', '_', '1650', '0.00', '1650.00', '0', '0', '1650.00', '1650', '0.00', 2, 1, '1', '0', '0', '0', '0', '0', '0', '0', 0),
(67, '2019-04-13', '1', '_', '10410', '0.00', '10410.00', '0', '0', '10410.00', '10410', '0.00', 2, 1, '1', '0', '0', '0', '0', '0', '0', '0', 0),
(68, '2019-04-14', '1', '_', '504', '0.00', '504.00', '0', '0', '504.00', '500', '4.00', 2, 1, '1', '0', '0', '0', '0', '0', '0', '0', 35),
(69, '2019-04-14', '1', '_', '780', '0.00', '780.00', '0', '0', '780.00', '800', '-20.00', 2, 1, '1', '0', '0', '0', '0', '0', '0', '0', 36),
(70, '2019-04-14', '1', '_', '780', '0.00', '780.00', '0', '0', '780.00', '800', '-20.00', 2, 1, '1', '0', '0', '0', '0', '0', '0', '0', 37),
(71, '2019-04-14', '1', '_', '800', '0.00', '800.00', '0', '0', '800.00', '800', '0.00', 2, 1, '1', '0', '0', '0', '0', '0', '0', '0', 0),
(72, '2019-04-14', '1', '_', '1450', '0.00', '1450.00', '0', '0', '1450.00', '1450', '0.00', 2, 1, '1', '0', '0', '0', '0', '0', '0', '0', 0),
(73, '2019-04-14', '1', '_', '8200', '0.00', '8200.00', '0', '0', '8200.00', '8200', '0.00', 2, 1, '1', '0', '0', '0', '0', '0', '0', '0', 0),
(74, '2019-04-14', '1', '_', '435', '0.00', '435.00', '0', '0', '435.00', '435', '0.00', 2, 1, '1', '0', '0', '0', '0', '0', '0', '0', 0),
(75, '2019-04-14', '1', '_javed sahib03018617713', '3760', '0.00', '3760.00', '0', '0', '3760.00', '3725', '35.00', 2, 1, '1', '0', '0', '0', '0', '0', '0', '0', 38),
(76, '2019-04-14', '1', '_', '5100', '0.00', '5100.00', '0', '0', '5100.00', '5100', '0.00', 2, 1, '1', '0', '0', '0', '0', '0', '0', '0', 0),
(77, '2019-04-14', '1', '_', '380', '0.00', '380.00', '0', '0', '380.00', '380', '0.00', 2, 1, '1', '0', '0', '0', '0', '0', '0', '0', 0),
(78, '2019-04-14', '1', '_', '950', '0.00', '950.00', '0', '0', '950.00', '950', '0.00', 2, 1, '1', '0', '0', '0', '0', '0', '0', '0', 0),
(79, '2019-04-14', '1', '_', '180', '0.00', '180.00', '0', '0', '180.00', '180', '0.00', 2, 1, '1', '0', '0', '0', '0', '0', '0', '0', 0),
(80, '2019-04-14', '1', '_', '480', '0.00', '480.00', '0', '0', '480.00', '480', '0.00', 2, 1, '1', '0', '0', '0', '0', '0', '0', '0', 0),
(81, '2019-07-14', '1', '_', '1250', '0.00', '1250.00', '0', '0', '1250.00', '1250', '0.00', 2, 1, '1', '0', '0', '0', '0', '0', '0', '0', 0),
(82, '2019-04-14', '1', '_', '360', '0.00', '360.00', '0', '0', '360.00', '360', '0.00', 2, 1, '1', '0', '0', '0', '0', '0', '0', '0', 0),
(83, '2019-04-14', '1', '_', '2420', '0.00', '2420.00', '0', '0', '2420.00', '2420', '0.00', 2, 1, '1', '0', '0', '0', '0', '0', '0', '0', 0),
(84, '2019-04-14', '1', '_', '1050', '0.00', '1050.00', '0', '0', '1050.00', '1050', '0.00', 2, 1, '1', '0', '0', '0', '0', '0', '0', '0', 0),
(85, '2019-04-14', '1', '_', '280', '0.00', '280.00', '0', '0', '280.00', '280', '0.00', 2, 1, '1', '0', '0', '0', '0', '0', '0', '0', 0),
(86, '2019-04-15', '1', '_', '4500', '0.00', '4500.00', '0', '0', '4500.00', '4500', '0.00', 2, 1, '1', '0', '0', '0', '0', '0', '0', '0', 0),
(87, '2019-04-15', '1', '_', '7050', '0.00', '7050.00', '0', '0', '7050.00', '7050', '0.00', 2, 1, '1', '0', '0', '0', '0', '0', '0', '0', 0),
(88, '2019-04-15', '1', '_', '1500', '0.00', '1500.00', '0', '0', '1500.00', '1500', '0.00', 2, 1, '1', '0', '0', '0', '0', '0', '0', '0', 0),
(89, '2019-04-15', '1', '_', '700', '0.00', '700.00', '0', '0', '700.00', '700', '0.00', 2, 1, '1', '0', '0', '0', '0', '0', '0', '0', 0),
(90, '2019-04-15', '1', '_', '360', '0.00', '360.00', '0', '0', '360.00', '360', '0.00', 2, 1, '1', '0', '0', '0', '0', '0', '0', '0', 0),
(91, '2019-04-16', '1', '_', '4600', '0.00', '4600.00', '0', '0', '4600.00', '4500', '100.00', 2, 1, '1', '0', '0', '0', '0', '0', '0', '0', 39),
(92, '2019-04-16', '1', '_', '600', '0.00', '600.00', '0', '0', '600.00', '600', '0.00', 2, 1, '1', '0', '0', '0', '0', '0', '0', '0', 0),
(93, '2019-04-16', '1', '_', '6400', '0.00', '6400.00', '0', '0', '6400.00', '6400', '0.00', 2, 1, '1', '0', '0', '0', '0', '0', '0', '0', 0),
(94, '2019-04-16', '1', '_', '1200', '0.00', '1200.00', '0', '0', '1200.00', '1200', '0.00', 2, 1, '1', '0', '0', '0', '0', '0', '0', '0', 0),
(95, '2019-04-16', '1', '_', '2125', '0.00', '2125.00', '0', '0', '2125.00', '2100', '25.00', 2, 1, '1', '0', '0', '0', '0', '0', '0', '0', 40),
(96, '2019-04-16', '1', '_', '300', '0.00', '300.00', '0', '0', '300.00', '300', '0.00', 2, 1, '1', '0', '0', '0', '0', '0', '0', '0', 0),
(97, '2019-04-16', '1', '_', '3800', '0.00', '3800.00', '0', '0', '3800.00', '3800', '0.00', 2, 1, '1', '0', '0', '0', '0', '0', '0', '0', 0),
(98, '2019-04-16', '1', '_', '9000', '0.00', '9000.00', '0', '0', '9000.00', '9000', '0.00', 2, 1, '1', '0', '0', '0', '0', '0', '0', '0', 0),
(99, '2019-04-17', '1', '_', '3280', '0.00', '3280.00', '0', '0', '3280.00', '3280', '0.00', 2, 1, '1', '0', '0', '0', '0', '0', '0', '0', 0),
(100, '2019-04-17', '1', '_', '12600', '0.00', '12600.00', '0', '0', '12600.00', '12600', '0.00', 2, 1, '1', '0', '0', '0', '0', '0', '0', '0', 0),
(101, '2019-04-17', '1', '_', '850', '0.00', '850.00', '0', '0', '850.00', '850', '0.00', 2, 1, '1', '0', '0', '0', '0', '0', '0', '0', 0),
(102, '2019-04-17', '1', '_', '5770', '0.00', '5770.00', '0', '0', '5770.00', '5675', '95.00', 2, 1, '1', '0', '0', '0', '0', '0', '0', '0', 41),
(103, '2019-04-17', '1', '_', '5750', '0.00', '5750.00', '0', '0', '5750.00', '5675', '75.00', 2, 1, '1', '0', '0', '0', '0', '0', '0', '0', 42),
(104, '2019-04-17', '1', '_', '500', '0.00', '500.00', '0', '0', '500.00', '500', '0.00', 2, 1, '1', '0', '0', '0', '0', '0', '0', '0', 0),
(105, '2019-04-18', '1', '_', '1500', '0.00', '1500.00', '0', '0', '1500.00', '1500', '0.00', 2, 1, '1', '0', '0', '0', '0', '0', '0', '0', 0),
(106, '2019-04-18', '1', '_', '995', '0.00', '995.00', '0', '0', '995.00', '1000', '-5.00', 2, 1, '1', '0', '0', '0', '0', '0', '0', '0', 43),
(107, '2019-04-18', '1', '_', '4875', '0.00', '4875.00', '0', '0', '4875.00', '4800', '75.00', 2, 1, '1', '0', '0', '0', '0', '0', '0', '0', 44),
(108, '2019-04-18', '1', '_', '500', '0.00', '500.00', '0', '0', '500.00', '500', '0.00', 2, 1, '1', '0', '0', '0', '0', '0', '0', '0', 0),
(109, '2019-04-18', '1', '_', '1050', '0.00', '1050.00', '0', '0', '1050.00', '1050', '0.00', 2, 1, '1', '0', '0', '0', '0', '0', '0', '0', 0),
(110, '2019-04-18', '1', '_', '5005', '0.00', '5005.00', '0', '0', '5005.00', '5000', '5.00', 2, 1, '1', '0', '0', '0', '0', '0', '0', '0', 45),
(111, '2019-07-18', '1', '_', '2040', '0.00', '2040.00', '0', '0', '2040.00', '2050', '-10.00', 2, 1, '1', '0', '0', '0', '0', '0', '0', '0', 46),
(112, '2019-04-18', '1', '_', '1500', '0.00', '1500.00', '0', '0', '1500.00', '1500', '0.00', 2, 1, '1', '0', '0', '0', '0', '0', '0', '0', 0),
(113, '2019-04-18', '1', '_', '780', '0.00', '780.00', '0', '0', '780.00', '780', '0.00', 2, 1, '1', '0', '0', '0', '0', '0', '0', '0', 0),
(114, '2019-04-20', '1', '_', '1170', '0.00', '1170.00', '0', '0', '1170.00', '1170', '0.00', 2, 1, '1', '0', '0', '0', '0', '0', '0', '0', 0),
(115, '2019-04-20', '1', '_', '1600', '0.00', '1600.00', '0', '0', '1600.00', '1600', '0.00', 2, 1, '1', '0', '0', '0', '0', '0', '0', '0', 0),
(116, '2019-04-20', '1', '_', '2220', '0.00', '2220.00', '0', '0', '2220.00', '2220', '0.00', 2, 1, '1', '0', '0', '0', '0', '0', '0', '0', 0),
(117, '2019-04-20', '1', '_', '1200', '0.00', '1200.00', '0', '0', '1200.00', '1200', '0.00', 2, 1, '1', '0', '0', '0', '0', '0', '0', '0', 0),
(118, '2019-04-20', '1', '_', '30000', '0.00', '30000.00', '0', '0', '30000.00', '30000', '0.00', 2, 1, '1', '0', '0', '0', '0', '0', '0', '0', 0),
(119, '2019-04-20', '1', '_', '1200', '0.00', '1200.00', '0', '0', '1200.00', '1200', '0.00', 2, 1, '1', '0', '0', '0', '0', '0', '0', '0', 0),
(120, '2019-04-21', '1', '_', '500', '0.00', '500.00', '0', '0', '500.00', '500', '0.00', 2, 1, '1', '0', '0', '0', '0', '0', '0', '0', 0),
(121, '2019-04-21', '1', '_', '525', '0.00', '525.00', '0', '0', '525.00', '525', '0.00', 2, 1, '1', '0', '0', '0', '0', '0', '0', '0', 0),
(122, '2019-04-21', '1', '_', '11050', '0.00', '11050.00', '0', '0', '11050.00', '11050', '0.00', 2, 1, '1', '0', '0', '0', '0', '0', '0', '0', 0),
(123, '2019-04-21', '1', '_', '2400', '0.00', '2400.00', '0', '0', '2400.00', '2400', '0.00', 2, 1, '1', '0', '0', '0', '0', '0', '0', '0', 0),
(124, '2019-04-21', '1', '_', '980', '0.00', '980.00', '0', '0', '980.00', '1000', '-20.00', 2, 1, '1', '0', '0', '0', '0', '0', '0', '0', 47),
(125, '2019-04-21', '1', '_', '900', '0.00', '900.00', '0', '0', '900.00', '900', '0.00', 2, 1, '1', '0', '0', '0', '0', '0', '0', '0', 0),
(126, '2019-04-21', '1', '_', '250', '0.00', '250.00', '0', '0', '250.00', '250', '0.00', 2, 1, '1', '0', '0', '0', '0', '0', '0', '0', 0),
(127, '2019-04-21', '1', '_', '8000', '0.00', '8000.00', '0', '0', '8000.00', '8000', '0.00', 2, 1, '1', '0', '0', '0', '0', '0', '0', '0', 0),
(128, '2019-04-21', '1', '_', '2000', '0.00', '2000.00', '0', '0', '2000.00', '2000', '0.00', 2, 1, '1', '0', '0', '0', '0', '0', '0', '0', 0),
(129, '2019-04-21', '1', '_', '700', '0.00', '700.00', '0', '0', '700.00', '700', '0.00', 2, 1, '1', '0', '0', '0', '0', '0', '0', '0', 0),
(130, '2019-07-22', '1', '_', '3600', '0.00', '3600.00', '0', '0', '3600.00', '3600', '0.00', 2, 1, '1', '0', '0', '0', '0', '0', '0', '0', 0),
(131, '2019-04-22', '1', '_', '390', '0.00', '390.00', '0', '0', '390.00', '390', '0.00', 2, 1, '1', '0', '0', '0', '0', '0', '0', '0', 0),
(132, '2019-04-22', '1', '_', '2750', '0.00', '2750.00', '0', '0', '2750.00', '2750', '0.00', 2, 1, '1', '0', '0', '0', '0', '0', '0', '0', 0),
(133, '2019-04-22', '1', '_', '11400', '0.00', '11400.00', '0', '0', '11400.00', '11400', '0.00', 2, 1, '1', '0', '0', '0', '0', '0', '0', '0', 0),
(134, '2019-04-22', '1', '_', '750', '0.00', '750.00', '0', '0', '750.00', '750', '0.00', 2, 1, '1', '0', '0', '0', '0', '0', '0', '0', 0),
(135, '2019-04-23', '1', '_', '1200', '0.00', '1200.00', '0', '0', '1200.00', '1200', '0.00', 2, 1, '1', '0', '0', '0', '0', '0', '0', '0', 0),
(136, '2019-04-23', '1', '_', '540', '0.00', '540.00', '0', '0', '540.00', '500', '40.00', 2, 1, '1', '0', '0', '0', '0', '0', '0', '0', 48),
(137, '2019-04-23', '1', '_', '1000', '0.00', '1000.00', '0', '0', '1000.00', '1000', '0.00', 2, 1, '1', '0', '0', '0', '0', '0', '0', '0', 0),
(138, '2019-04-23', '1', '_', '3500', '0.00', '3500.00', '0', '0', '3500.00', '3500', '0.00', 2, 1, '1', '0', '0', '0', '0', '0', '0', '0', 0),
(139, '2019-04-23', '1', '_', '7300', '0.00', '7300.00', '0', '0', '7300.00', '7300', '0.00', 2, 1, '1', '0', '0', '0', '0', '0', '0', '0', 0),
(140, '2019-04-23', '1', '_', '900', '0.00', '900.00', '0', '0', '900.00', '900', '0.00', 2, 1, '1', '0', '0', '0', '0', '0', '0', '0', 0),
(141, '2019-04-23', '1', '_', '1200', '0.00', '1200.00', '0', '0', '1200.00', '1200', '0.00', 2, 1, '1', '0', '0', '0', '0', '0', '0', '0', 0),
(142, '2019-04-23', '1', '_', '3300', '0.00', '3300.00', '0', '0', '3300.00', '3300', '0.00', 2, 1, '1', '0', '0', '0', '0', '0', '0', '0', 0),
(143, '2019-04-23', '1', '_', '990', '0.00', '990.00', '0', '0', '990.00', '1000', '-10.00', 2, 1, '1', '0', '0', '0', '0', '0', '0', '0', 49),
(144, '2019-04-23', '1', '_', '1200', '0.00', '1200.00', '0', '0', '1200.00', '1200', '0.00', 2, 1, '1', '0', '0', '0', '0', '0', '0', '0', 0),
(145, '2019-04-23', '1', '_', '90', '0.00', '90.00', '0', '0', '90.00', '90', '0.00', 2, 1, '1', '0', '0', '0', '0', '0', '0', '0', 0),
(146, '2019-04-23', '1', '_', '3100', '0.00', '3100.00', '0', '0', '3100.00', '3100', '0.00', 2, 1, '1', '0', '0', '0', '0', '0', '0', '0', 0),
(147, '2019-04-23', '1', '_', '1000', '0.00', '1000.00', '0', '0', '1000.00', '1000', '0.00', 2, 1, '1', '0', '0', '0', '0', '0', '0', '0', 0),
(148, '2019-04-23', '1', '_', '270', '0.00', '270.00', '0', '0', '270.00', '270', '0.00', 2, 1, '1', '0', '0', '0', '0', '0', '0', '0', 0),
(149, '2019-04-24', '1', '_', '6500', '0.00', '6500.00', '0', '0', '6500.00', '6500', '0.00', 2, 1, '1', '0', '0', '0', '0', '0', '0', '0', 0),
(150, '2019-04-24', '1', '_', '13522', '0.00', '13522.00', '0', '0', '13522.00', '13522', '0.00', 2, 1, '1', '0', '0', '0', '0', '0', '0', '0', 0),
(151, '2019-04-25', '1', '_', '13358', '0.00', '13358.00', '0', '0', '13358.00', '13358', '0.00', 2, 1, '1', '0', '0', '0', '0', '0', '0', '0', 0),
(152, '2019-04-26', '1', '_', '3010', '0.00', '3010.00', '0', '0', '3010.00', '3000', '10.00', 2, 1, '1', '0', '0', '0', '0', '0', '0', '0', 50),
(153, '2019-04-27', '1', '_', '13453.5', '0.00', '13453.50', '0', '0', '13453.50', '13450', '3.50', 2, 1, '1', '0', '0', '0', '0', '0', '0', '0', 51),
(154, '2019-04-28', '1', '_', '37485', '0.00', '37485.00', '0', '0', '37485.00', '37485', '0.00', 2, 1, '1', '0', '0', '0', '0', '0', '0', '0', 0),
(155, '2019-04-29', '1', '_', '405', '0.00', '405.00', '0', '0', '405.00', '400', '5.00', 2, 1, '1', '0', '0', '0', '0', '0', '0', '0', 52),
(156, '2019-04-29', '1', '_', '3240', '0.00', '3240.00', '0', '0', '3240.00', '3200', '40.00', 2, 1, '1', '0', '0', '0', '0', '0', '0', '0', 53),
(157, '2019-04-29', '1', '_', '2650', '0.00', '2650.00', '0', '0', '2650.00', '2650', '0.00', 2, 1, '1', '0', '0', '0', '0', '0', '0', '0', 0),
(158, '2019-07-11', '1', '_', '10390', '0.00', '10390.00', '0', '0', '10390.00', '10400', '-10.00', 2, 1, '1', '0', '0', '0', '0', '0', '0', '0', 54),
(159, '2019-04-29', '1', '_', '500', '0.00', '500.00', '0', '0', '500.00', '500', '0.00', 2, 1, '1', '0', '0', '0', '0', '0', '0', '0', 0),
(160, '2019-04-29', '1', '_', '27140', '0.00', '27140.00', '0', '0', '27140.00', '27140', '0.00', 2, 1, '1', '0', '0', '0', '0', '0', '0', '0', 0),
(161, '2019-04-29', '1', '_', '2550', '0.00', '2550.00', '0', '0', '2550.00', '2550', '0.00', 2, 1, '1', '0', '0', '0', '0', '0', '0', '0', 0),
(162, '2019-04-30', '1', '_', '560', '0.00', '560.00', '0', '0', '560.00', '560', '0.00', 2, 1, '1', '0', '0', '0', '0', '0', '0', '0', 0),
(163, '2019-07-11', '1', '_', '19495', '0.00', '19495.00', '0', '0', '19495.00', '19495', '0.00', 2, 1, '1', '0', '0', '0', '0', '0', '0', '0', 0),
(164, '2019-04-30', '1', '_', '5600', '0.00', '5600.00', '0', '0', '5600.00', '5600', '0.00', 2, 1, '1', '0', '0', '0', '0', '0', '0', '0', 0),
(165, '2019-04-30', '1', '_', '2520', '0.00', '2520.00', '0', '0', '2520.00', '2500', '20.00', 2, 1, '1', '0', '0', '0', '0', '0', '0', '0', 56),
(166, '2019-05-01', '1', '_', '1800', '0.00', '1800.00', '0', '0', '1800.00', '1800', '0.00', 2, 1, '1', '0', '0', '0', '0', '0', '0', '0', 0),
(167, '2019-05-01', '1', '_', '1050', '0.00', '1050.00', '0', '0', '1050.00', '1050', '0.00', 2, 1, '1', '0', '0', '0', '0', '0', '0', '0', 0),
(168, '2019-05-01', '1', '_', '3150', '0.00', '3150.00', '0', '0', '3150.00', '3100', '50.00', 2, 1, '1', '0', '0', '0', '0', '0', '0', '0', 57),
(169, '2019-05-01', '1', '_', '660', '0.00', '660.00', '0', '0', '660.00', '660', '0.00', 2, 1, '1', '0', '0', '0', '0', '0', '0', '0', 0),
(170, '2019-05-01', '1', '_', '1150', '0.00', '1150.00', '0', '0', '1150.00', '1150', '0.00', 2, 1, '1', '0', '0', '0', '0', '0', '0', '0', 0),
(171, '2019-05-01', '1', '_', '735', '0.00', '735.00', '0', '0', '735.00', '735', '0.00', 2, 1, '1', '0', '0', '0', '0', '0', '0', '0', 0),
(172, '2019-05-01', '1', '_', '350', '0.00', '350.00', '0', '0', '350.00', '350', '0.00', 2, 1, '1', '0', '0', '0', '0', '0', '0', '0', 0),
(173, '2019-05-01', '1', '_', '1080', '0.00', '1080.00', '0', '0', '1080.00', '1080', '0.00', 2, 1, '1', '0', '0', '0', '0', '0', '0', '0', 0),
(174, '2019-05-02', '1', '_', '500', '0.00', '500.00', '0', '0', '500.00', '500', '0.00', 2, 1, '1', '0', '0', '0', '0', '0', '0', '0', 0),
(175, '2019-05-01', '1', '_', '2100', '0.00', '2100.00', '0', '0', '2100.00', '2100', '0.00', 2, 1, '1', '0', '0', '0', '0', '0', '0', '0', 0),
(176, '2019-05-02', '1', '_', '2100', '0.00', '2100.00', '0', '0', '2100.00', '2100', '0.00', 2, 1, '1', '0', '0', '0', '0', '0', '0', '0', 0),
(177, '2019-05-02', '1', '_', '680', '0.00', '680.00', '0', '0', '680.00', '680', '0.00', 2, 1, '1', '0', '0', '0', '0', '0', '0', '0', 0),
(178, '2019-05-02', '1', '_', '4000', '0.00', '4000.00', '0', '0', '4000.00', '4000', '0.00', 2, 1, '1', '0', '0', '0', '0', '0', '0', '0', 0),
(179, '2019-05-02', '1', '_', '1700', '0.00', '1700.00', '0', '0', '1700.00', '1700', '0.00', 2, 1, '1', '0', '0', '0', '0', '0', '0', '0', 0),
(180, '2019-05-02', '1', '_', '7500', '0.00', '7500.00', '0', '0', '7500.00', '7500', '0.00', 2, 1, '1', '0', '0', '0', '0', '0', '0', '0', 0),
(181, '2019-05-03', '1', '_muhammad khan islamabad03005281664', '97350', '0.00', '97350.00', '0', '0', '97350.00', '97350', '0.00', 2, 1, '1', '0', '0', '0', '0', '0', '0', '0', 0),
(182, '2019-05-04', '1', '_', '8680', '0.00', '8680.00', '0', '0', '8680.00', '8680', '0.00', 2, 1, '1', '0', '0', '0', '0', '0', '0', '0', 0),
(183, '2019-05-05', '1', '_', '15312', '0.00', '15312.00', '0', '0', '15312.00', '15312', '0.00', 2, 1, '1', '0', '0', '0', '0', '0', '0', '0', 0),
(184, '2019-05-06', '1', '_', '60313', '0.00', '60313.00', '0', '0', '60313.00', '60313', '0.00', 2, 1, '1', '0', '0', '0', '0', '0', '0', '0', 0),
(185, '2019-05-05', '1', '_', '400', '0.00', '400.00', '0', '0', '400.00', '400', '0.00', 2, 1, '1', '0', '0', '0', '0', '0', '0', '0', 0),
(186, '2019-05-07', '1', '_', '480', '0.00', '480.00', '0', '0', '480.00', '500', '-20.00', 2, 1, '1', '0', '0', '0', '0', '0', '0', '0', 58),
(187, '2019-05-07', '1', '_', '37185', '0.00', '37185.00', '0', '0', '37185.00', '37185', '0.00', 2, 1, '1', '0', '0', '0', '0', '0', '0', '0', 0),
(188, '2019-05-08', '1', '_', '47470', '0.00', '47470.00', '0', '0', '47470.00', '47470', '0.00', 2, 1, '1', '0', '0', '0', '0', '0', '0', '0', 0),
(189, '2019-05-09', '1', '_', '35784', '0.00', '35784.00', '0', '0', '35784.00', '35784', '0.00', 2, 1, '1', '0', '0', '0', '0', '0', '0', '0', 0);

-- --------------------------------------------------------

--
-- Table structure for table `order_item`
--

CREATE TABLE `order_item` (
  `order_item_id` int(11) NOT NULL,
  `order_id` int(11) NOT NULL DEFAULT '0',
  `product_id` int(11) NOT NULL DEFAULT '0',
  `quantity` double NOT NULL,
  `rate` double NOT NULL,
  `total` double NOT NULL,
  `order_item_status` int(11) NOT NULL DEFAULT '0'
) ENGINE=InnoDB DEFAULT CHARSET=latin1;

--
-- Dumping data for table `order_item`
--

INSERT INTO `order_item` (`order_item_id`, `order_id`, `product_id`, `quantity`, `rate`, `total`, `order_item_status`) VALUES
(2, 2, 13, 9, 470, 4230, 1),
(3, 2, 12, 16, 185, 2960, 1),
(8, 1, 5, 10, 25, 250, 1),
(9, 1, 14, 10, 40, 400, 1),
(10, 3, 14, 30, 40, 1200, 1),
(11, 4, 17, 13, 1250, 16250, 1),
(12, 4, 15, 3, 2300, 6900, 1),
(13, 4, 18, 2, 3600, 7200, 1),
(14, 5, 36, 60, 60, 3600, 1),
(15, 6, 5, 7, 27, 189, 1),
(16, 7, 2, 13, 30, 390, 1),
(17, 8, 5, 8, 30, 240, 1),
(18, 9, 25, 500, 85, 42500, 1),
(19, 9, 26, 300, 143, 42900, 1),
(20, 9, 17, 5, 1300, 6500, 1),
(21, 10, 2, 20, 35, 700, 1),
(22, 11, 1, 113, 36, 4068, 1),
(23, 12, 5, 3, 25, 75, 1),
(24, 13, 10, 63, 16, 1008, 1),
(25, 14, 16, 10, 1200, 12000, 1),
(26, 14, 15, 2, 2050, 4100, 1),
(27, 14, 42, 200, 34.5, 6900, 1),
(28, 15, 16, 3, 1200, 3600, 1),
(29, 15, 15, 1, 2200, 2200, 1),
(30, 16, 36, 60, 60, 3600, 1),
(31, 17, 5, 7, 27, 189, 1),
(32, 18, 2, 13, 30, 390, 1),
(33, 19, 5, 8, 30, 240, 1),
(34, 20, 2, 20, 35, 700, 1),
(35, 21, 1, 113, 36, 4068, 1),
(36, 22, 10, 63, 16, 1008, 1),
(37, 23, 24, 10, 500, 5000, 1),
(38, 24, 49, 1200, 39, 46800, 1),
(39, 24, 8, 500, 60, 30000, 1),
(40, 24, 11, 300, 90, 27000, 1),
(41, 24, 5, 500, 25, 12500, 1),
(42, 24, 10, 500, 17, 8500, 1),
(43, 25, 24, 2, 550, 1100, 1),
(44, 26, 7, 3, 70, 210, 1),
(45, 27, 23, 5, 50, 250, 1),
(46, 28, 20, 1, 750, 750, 1),
(47, 29, 11, 20, 92, 1840, 1),
(48, 30, 7, 10, 40, 400, 1),
(49, 31, 11, 15, 90, 1350, 1),
(50, 32, 11, 8, 90, 720, 1),
(51, 33, 36, 30, 60, 1800, 1),
(52, 34, 34, 1, 1000, 1000, 1),
(53, 35, 8, 16, 60, 960, 1),
(54, 36, 15, 1, 2200, 2200, 1),
(55, 37, 49, 10, 38, 380, 1),
(56, 38, 8, 15, 60, 900, 1),
(57, 39, 7, 500, 38, 19000, 1),
(58, 39, 11, 100, 94, 9400, 1),
(59, 39, 27, 3, 180, 540, 1),
(60, 40, 7, 15, 45, 675, 1),
(61, 40, 8, 3, 60, 180, 1),
(62, 41, 29, 15, 190, 2850, 1),
(63, 41, 19, 20, 190, 3800, 1),
(64, 41, 30, 12, 345, 4140, 1),
(65, 41, 5, 15, 20, 300, 1),
(66, 42, 8, 30, 60, 1800, 1),
(67, 42, 5, 30, 25, 750, 1),
(68, 43, 8, 20, 60, 1200, 1),
(69, 44, 27, 2, 200, 400, 1),
(70, 45, 34, 1, 950, 950, 1),
(71, 46, 49, 35, 42, 1470, 1),
(72, 47, 8, 16, 60, 960, 1),
(73, 47, 5, 10, 25, 250, 1),
(74, 48, 5, 20, 25, 500, 1),
(75, 49, 22, 30, 20, 600, 1),
(76, 50, 8, 20, 60, 1200, 1),
(77, 51, 74, 40, 85, 3400, 1),
(78, 52, 5, 4, 25, 100, 1),
(79, 53, 75, 2, 850, 1700, 1),
(80, 54, 11, 20, 95, 1900, 1),
(81, 55, 11, 10, 90, 900, 1),
(82, 56, 15, 1, 2200, 2200, 1),
(83, 57, 21, 1, 1400, 1400, 1),
(84, 58, 25, 92, 85, 7820, 1),
(85, 59, 8, 20, 60, 1200, 1),
(86, 59, 5, 5, 25, 125, 1),
(87, 60, 8, 15, 60, 900, 1),
(88, 61, 33, 3, 50, 150, 1),
(89, 62, 8, 60, 60, 3600, 1),
(90, 62, 11, 10, 90, 900, 1),
(91, 62, 3, 40, 60, 2400, 1),
(92, 63, 22, 100, 22, 2200, 1),
(93, 64, 10, 100, 16, 1600, 1),
(94, 65, 8, 70, 58, 4060, 1),
(95, 66, 8, 15, 60, 900, 1),
(96, 66, 23, 15, 50, 750, 1),
(97, 67, 33, 9, 50, 450, 1),
(98, 67, 49, 100, 38, 3800, 1),
(99, 67, 21, 1, 1500, 1500, 1),
(100, 67, 10, 300, 15, 4500, 1),
(101, 67, 49, 4, 40, 160, 1),
(102, 68, 49, 12, 42, 504, 1),
(103, 69, 8, 13, 60, 780, 1),
(104, 70, 8, 13, 60, 780, 1),
(105, 71, 49, 20, 40, 800, 1),
(106, 72, 2, 50, 29, 1450, 1),
(107, 73, 10, 200, 16, 3200, 1),
(108, 73, 24, 10, 500, 5000, 1),
(109, 74, 2, 15, 29, 435, 1),
(110, 75, 2, 70, 28, 1960, 1),
(111, 75, 34, 1, 1100, 1100, 1),
(112, 75, 20, 1, 700, 700, 1),
(113, 76, 42, 100, 31, 3100, 1),
(114, 76, 15, 1, 2000, 2000, 1),
(115, 77, 5, 10, 25, 250, 1),
(116, 77, 8, 2, 65, 130, 1),
(117, 78, 11, 10, 95, 950, 1),
(118, 79, 33, 3, 60, 180, 1),
(119, 80, 8, 8, 60, 480, 1),
(120, 81, 5, 50, 25, 1250, 1),
(121, 82, 8, 6, 60, 360, 1),
(122, 83, 49, 20, 40, 800, 1),
(123, 83, 8, 15, 60, 900, 1),
(124, 83, 11, 8, 90, 720, 1),
(125, 84, 34, 1, 1050, 1050, 1),
(126, 85, 7, 7, 40, 280, 1),
(127, 86, 11, 50, 90, 4500, 1),
(128, 87, 21, 2, 1400, 2800, 1),
(129, 87, 20, 4, 850, 3400, 1),
(130, 87, 34, 1, 850, 850, 1),
(131, 88, 33, 30, 50, 1500, 1),
(132, 89, 75, 1, 700, 700, 1),
(133, 90, 2, 12, 30, 360, 1),
(134, 91, 15, 2, 2300, 4600, 1),
(135, 92, 8, 10, 60, 600, 1),
(136, 93, 20, 6, 800, 4800, 1),
(137, 93, 21, 1, 1600, 1600, 1),
(138, 94, 8, 20, 60, 1200, 1),
(139, 95, 74, 25, 85, 2125, 1),
(140, 96, 2, 10, 30, 300, 1),
(141, 97, 42, 100, 32, 3200, 1),
(142, 97, 8, 10, 60, 600, 1),
(143, 98, 11, 100, 90, 9000, 1),
(144, 99, 10, 200, 16, 3200, 1),
(145, 99, 5, 2, 40, 80, 1),
(146, 100, 11, 50, 90, 4500, 1),
(147, 100, 5, 200, 22, 4400, 1),
(148, 100, 49, 100, 37, 3700, 1),
(149, 101, 33, 17, 50, 850, 1),
(150, 102, 1, 150, 36, 5400, 1),
(151, 102, 5, 10, 25, 250, 1),
(152, 102, 33, 2, 60, 120, 1),
(153, 103, 1, 150, 36, 5400, 1),
(154, 103, 5, 10, 25, 250, 1),
(155, 103, 33, 2, 50, 100, 1),
(156, 104, 5, 20, 25, 500, 1),
(157, 105, 21, 1, 1500, 1500, 1),
(158, 106, 8, 15, 58, 870, 1),
(159, 106, 5, 5, 25, 125, 1),
(160, 107, 22, 9, 25, 225, 1),
(161, 107, 31, 31, 150, 4650, 1),
(162, 108, 5, 20, 25, 500, 1),
(163, 109, 1, 30, 35, 1050, 1),
(164, 110, 32, 77, 65, 5005, 1),
(165, 111, 5, 30, 23, 690, 1),
(166, 111, 11, 15, 90, 1350, 1),
(167, 112, 2, 50, 30, 1500, 1),
(168, 113, 8, 13, 60, 780, 1),
(169, 114, 11, 13, 90, 1170, 1),
(170, 115, 20, 2, 800, 1600, 1),
(171, 116, 1, 60, 37, 2220, 1),
(172, 117, 16, 1, 1200, 1200, 1),
(173, 118, 3, 500, 60, 30000, 1),
(174, 119, 8, 20, 60, 1200, 1),
(175, 120, 24, 1, 500, 500, 1),
(176, 121, 49, 15, 35, 525, 1),
(177, 122, 17, 5, 1350, 6750, 1),
(178, 122, 15, 2, 2150, 4300, 1),
(179, 123, 17, 2, 1200, 2400, 1),
(180, 124, 2, 35, 28, 980, 1),
(181, 125, 11, 10, 90, 900, 1),
(182, 126, 33, 5, 50, 250, 1),
(183, 127, 10, 500, 16, 8000, 1),
(184, 128, 22, 100, 20, 2000, 1),
(185, 129, 1, 20, 35, 700, 1),
(186, 130, 1, 100, 36, 3600, 1),
(187, 131, 36, 6, 65, 390, 1),
(188, 132, 42, 50, 55, 2750, 1),
(189, 133, 49, 300, 38, 11400, 1),
(190, 134, 28, 5, 150, 750, 1),
(191, 135, 8, 20, 60, 1200, 1),
(192, 136, 11, 6, 90, 540, 1),
(193, 137, 34, 1, 1000, 1000, 1),
(194, 138, 7, 100, 35, 3500, 1),
(195, 139, 69, 4, 1300, 5200, 1),
(196, 139, 35, 1, 2100, 2100, 1),
(197, 140, 11, 10, 90, 900, 1),
(198, 141, 49, 30, 40, 1200, 1),
(199, 142, 21, 2, 1650, 3300, 1),
(200, 143, 11, 11, 90, 990, 1),
(201, 144, 8, 20, 60, 1200, 1),
(202, 145, 10, 5, 18, 90, 1),
(203, 146, 2, 100, 31, 3100, 1),
(204, 147, 49, 25, 40, 1000, 1),
(205, 148, 5, 10, 27, 270, 1),
(206, 149, 17, 4, 1625, 6500, 1),
(207, 150, 5, 10, 28, 280, 1),
(208, 150, 8, 4, 63, 252, 1),
(209, 150, 49, 20, 45, 900, 1),
(210, 150, 22, 19, 20, 380, 1),
(211, 150, 8, 10, 60, 600, 1),
(212, 150, 5, 10, 40, 400, 1),
(213, 150, 64, 100, 57, 5700, 1),
(214, 150, 5, 15, 28, 420, 1),
(215, 150, 2, 50, 30, 1500, 1),
(216, 150, 24, 1, 550, 550, 1),
(217, 150, 36, 39, 60, 2340, 1),
(218, 150, 22, 10, 20, 200, 1),
(219, 151, 8, 11, 60, 660, 1),
(220, 151, 33, 5, 60, 300, 1),
(221, 151, 5, 100, 25, 2500, 1),
(222, 151, 8, 16, 62, 992, 1),
(223, 151, 11, 20, 90, 1800, 1),
(224, 151, 49, 10, 40, 400, 1),
(225, 151, 49, 20, 40, 800, 1),
(226, 151, 5, 20, 25, 500, 1),
(227, 151, 74, 22, 105, 2310, 1),
(228, 151, 33, 4, 70, 280, 1),
(229, 151, 8, 13, 65, 845, 1),
(230, 151, 8, 15, 60, 900, 1),
(231, 151, 49, 6, 70, 420, 1),
(232, 151, 11, 7, 93, 651, 1),
(233, 152, 17, 2, 1400, 2800, 1),
(234, 152, 10, 7, 30, 210, 1),
(235, 153, 49, 7, 37, 259, 1),
(236, 153, 5, 5, 30, 150, 1),
(237, 153, 20, 2, 750, 1500, 1),
(238, 153, 16, 3, 1100, 3300, 1),
(239, 153, 15, 2, 2250, 4500, 1),
(240, 153, 49, 21, 45, 945, 1),
(241, 153, 55, 5, 60, 300, 1),
(242, 153, 33, 3.5, 57, 199.5, 1),
(243, 153, 74, 15, 100, 1500, 1),
(244, 153, 49, 20, 40, 800, 1),
(245, 154, 35, 1, 1950, 1950, 1),
(246, 154, 34, 1, 1950, 1950, 1),
(247, 154, 33, 3, 50, 150, 1),
(248, 154, 8, 15, 60, 900, 1),
(249, 154, 17, 5, 1200, 6000, 1),
(250, 154, 2, 75, 32, 2400, 1),
(251, 154, 49, 40, 40, 1600, 1),
(252, 154, 2, 35, 36, 1260, 1),
(253, 154, 51, 50, 415, 20750, 1),
(254, 154, 74, 5, 105, 525, 1),
(255, 155, 5, 15, 27, 405, 1),
(256, 156, 1, 90, 36, 3240, 1),
(257, 157, 11, 20, 90, 1800, 1),
(258, 157, 55, 10, 85, 850, 1),
(259, 158, 2, 313, 30, 9390, 1),
(260, 158, 24, 2, 500, 1000, 1),
(261, 159, 74, 5, 100, 500, 1),
(262, 160, 3, 460, 59, 27140, 1),
(263, 161, 8, 30, 85, 2550, 1),
(264, 162, 56, 20, 28, 560, 1),
(265, 163, 34, 14, 950, 13300, 1),
(266, 163, 35, 3, 2065, 6195, 1),
(267, 164, 8, 100, 56, 5600, 1),
(268, 165, 33, 28, 90, 2520, 1),
(269, 166, 11, 20, 90, 1800, 1),
(270, 167, 16, 1, 1050, 1050, 1),
(271, 168, 20, 2, 775, 1550, 1),
(272, 168, 21, 1, 1600, 1600, 1),
(273, 169, 8, 11, 60, 660, 1),
(274, 170, 22, 50, 23, 1150, 1),
(275, 171, 7, 21, 35, 735, 1),
(276, 172, 7, 10, 35, 350, 1),
(277, 173, 11, 12, 90, 1080, 1),
(278, 174, 5, 20, 25, 500, 1),
(279, 175, 24, 4, 525, 2100, 1),
(280, 176, 24, 4, 525, 2100, 1),
(281, 177, 8, 8, 60, 480, 1),
(282, 177, 10, 10, 20, 200, 1),
(283, 178, 34, 2, 1000, 2000, 1),
(284, 178, 35, 1, 2000, 2000, 1),
(285, 179, 24, 2, 550, 1100, 1),
(286, 179, 22, 30, 20, 600, 1),
(287, 180, 1, 100, 37, 3700, 1),
(288, 180, 16, 2, 1100, 2200, 1),
(289, 180, 7, 5, 40, 200, 1),
(290, 180, 8, 20, 60, 1200, 1),
(291, 180, 22, 10, 20, 200, 1),
(292, 181, 16, 1, 1150, 1150, 1),
(293, 181, 17, 36, 1150, 41400, 1),
(294, 181, 15, 12, 2300, 27600, 1),
(295, 181, 42, 800, 34, 27200, 1),
(296, 182, 7, 40, 40, 1600, 1),
(297, 182, 8, 30, 60, 1800, 1),
(298, 182, 44, 20, 190, 3800, 1),
(299, 182, 1, 40, 37, 1480, 1),
(300, 183, 49, 69, 38, 2622, 1),
(301, 183, 10, 100, 16, 1600, 1),
(302, 183, 8, 40, 60, 2400, 1),
(303, 183, 10, 100, 16.5, 1650, 1),
(304, 183, 11, 20, 90, 1800, 1),
(305, 183, 10, 20, 17, 340, 1),
(306, 183, 5, 100, 23, 2300, 1),
(307, 183, 15, 1, 2200, 2200, 1),
(308, 184, 24, 1, 550, 550, 1),
(309, 184, 55, 3, 65, 195, 1),
(310, 184, 8, 5, 50, 250, 1),
(311, 184, 49, 20, 40, 800, 1),
(312, 184, 16, 8, 1350, 10800, 1),
(313, 184, 15, 4, 2400, 9600, 1),
(314, 184, 42, 100, 36, 3600, 1),
(315, 184, 49, 300, 38, 11400, 1),
(316, 184, 10, 100, 15, 1500, 1),
(317, 184, 55, 50, 55, 2750, 1),
(318, 184, 5, 60, 25, 1500, 1),
(319, 184, 24, 20, 520, 10400, 1),
(320, 184, 2, 25, 32, 800, 1),
(321, 184, 74, 6, 108, 648, 1),
(322, 184, 17, 4, 1170, 4680, 1),
(323, 184, 8, 14, 60, 840, 1),
(324, 185, 10, 20, 20, 400, 1),
(325, 186, 49, 12, 40, 480, 1),
(326, 187, 49, 12, 40, 480, 1),
(327, 187, 11, 10, 90, 900, 1),
(328, 187, 17, 10, 1200, 12000, 1),
(329, 187, 15, 5, 2200, 11000, 1),
(330, 187, 42, 200, 34, 6800, 1),
(331, 187, 49, 40, 40, 1600, 1),
(332, 187, 11, 30, 87, 2610, 1),
(333, 187, 49, 10, 40, 400, 1),
(334, 187, 8, 6, 60, 360, 1),
(335, 187, 49, 23, 45, 1035, 1),
(336, 188, 49, 300, 36, 10800, 1),
(337, 188, 24, 1, 500, 500, 1),
(338, 188, 49, 5, 40, 200, 1),
(339, 188, 43, 120, 211, 25320, 1),
(340, 188, 11, 13, 90, 1170, 1),
(341, 188, 8, 17, 60, 1020, 1),
(342, 188, 8, 25, 60, 1500, 1),
(343, 188, 16, 3, 1330, 3990, 1),
(344, 188, 11, 33, 90, 2970, 1),
(345, 189, 5, 13, 25, 325, 1),
(346, 189, 8, 60, 58, 3480, 1),
(347, 189, 13, 32, 415, 13280, 1),
(348, 189, 5, 140, 24, 3360, 1),
(349, 189, 20, 3, 870, 2610, 1),
(350, 189, 21, 3, 1770, 5310, 1),
(351, 189, 34, 1, 1070, 1070, 1),
(352, 189, 16, 2, 1050, 2100, 1),
(353, 189, 10, 20, 20, 400, 1),
(354, 189, 2, 33, 33, 1089, 1),
(355, 189, 49, 20, 43, 860, 1),
(356, 189, 35, 1, 1900, 1900, 1);

-- --------------------------------------------------------

--
-- Table structure for table `product`
--

CREATE TABLE `product` (
  `product_id` int(200) NOT NULL,
  `product_name` varchar(255) NOT NULL,
  `product_image` text NOT NULL,
  `brand_id` int(11) NOT NULL,
  `categories_id` int(11) NOT NULL,
  `quantity` double NOT NULL,
  `rate` double NOT NULL,
  `purchase` double NOT NULL,
  `active` int(11) NOT NULL DEFAULT '0',
  `status` int(11) NOT NULL DEFAULT '0',
  `weight` varchar(200) NOT NULL,
  `arate` varchar(200) NOT NULL,
  `dscrp` varchar(1000) NOT NULL
) ENGINE=InnoDB DEFAULT CHARSET=latin1;

--
-- Dumping data for table `product`
--

INSERT INTO `product` (`product_id`, `product_name`, `product_image`, `brand_id`, `categories_id`, `quantity`, `rate`, `purchase`, `active`, `status`, `weight`, `arate`, `dscrp`) VALUES
(1, '7.64 2core 55thosan', 'img/logo.png', 1, 2, 20035, 38, 33, 1, 1, '0', '0', '0'),
(2, '7.52 2core 48 thosan silver', 'img/logo.png', 1, 2, 61, 32, 27, 1, 1, '0', '0', '0'),
(3, '7.55 3core silver wire(7.64)', 'img/logo.png', 1, 2, 0, 60, 57, 1, 1, '0', '0', '0'),
(4, '20.76 2core copper wire', 'img/logo.png', 1, 1, 0, 16, 14, 1, 1, '0', '0', '0'),
(5, '40.76   30 tari 2CORE COOPER ', 'img/logo.png', 1, 1, 671, 25, 19.625, 1, 1, '0', '0', '0'),
(6, '60.76 2core copper', 'img/logo.png', 1, 1, 2601, 40, 35, 2, 2, '0', '0', '0'),
(7, '70.76   50tari 2core cooper', 'img/logo.png', 1, 1, 829, 40, 33.5, 1, 1, '0', '0', '0'),
(8, '110.76 2CORE COOPER100tari7thosan', 'img/logo.png', 1, 1, 621, 60, 56.4921875, 1, 1, '0', '0', '0'),
(9, '150.76 2CORE cooper', 'img/logo.png', 1, 1, 1040, 90, 84.5, 2, 2, '0', '0', '0'),
(10, '23.76 2core cooper', 'img/logo.png', 1, 1, 1135, 17, 15, 1, 1, '0', '0', '0'),
(11, '150.76 2core 80tari 10tuosan', 'img/logo.png', 1, 1, 89, 90, 87, 1, 1, '0', '0', '0'),
(12, '7.44 3core cooper ', 'img/logo.png', 1, 1, 16, 185, 165, 1, 1, '0', '0', '0'),
(13, '7.64 58 thousand 4core cooper', 'img/logo.png', 1, 1, 9, 470, 420, 1, 1, '0', '0', '0'),
(14, '70.76 50-tari 2 core cooper ', 'img/logo.png', 1, 1, 510, 40, 34, 2, 2, '0', '0', '0'),
(15, '2.5mm 40tari coil', 'img/logo.png', 1, 1, -1, 2200, 2046.2890625, 1, 1, '0', '0', '0'),
(16, '1.5mm  15tari single core coil', 'img/logo.png', 1, 1, 4, 1100, 896.875, 1, 1, '0', '0', '0'),
(17, '1.5mm 20tara  single core coile', 'img/logo.png', 1, 1, 8, 1200, 1074.21875, 1, 1, '0', '0', '0'),
(18, '4mm single core coile', 'img/logo.png', 1, 1, 0, 3400, 3100, 2, 2, '0', '0', '0'),
(19, '8mm 200tari three core', 'img/logo.png', 1, 1, 0, 190, 175, 1, 1, '0', '0', '0'),
(20, '3.29single core 20 thosan red', 'img/logo.png', 1, 1, 2, 850, 687.5, 1, 1, '0', '0', '0'),
(21, '7.29single core 20thosan ', 'img/logo.png', 1, 1, 10, 1600, 1350, 1, 1, '0', '0', '0'),
(22, '40.76pvc 30 tari 2core', 'img/logo.png', 1, 1, 42, 22, 19, 1, 1, '0', '0', '0'),
(23, '7.29 2core coper20 thosan', 'img/logo.png', 1, 1, 0, 50, 38, 1, 1, '0', '0', '0'),
(24, '23.76single core coil 7thosan', 'img/logo.png', 1, 1, 32, 550, 492.373046875, 1, 1, '0', '0', '0'),
(25, '7.29 3core coper29thosan', 'img/logo.png', 1, 1, 114, 85, 83.875, 1, 1, '0', '0', '0'),
(26, '7.36 3core coper 36 thosan', 'img/logo.png', 1, 1, 0, 143, 137, 1, 1, '0', '0', '0'),
(27, '2core lead heat proof', 'img/logo.png', 1, 1, 0, 200, 150, 1, 1, '0', '0', '0'),
(28, '1.5mm 5core copper', 'img/logo.png', 1, 1, 0, 150, 120, 1, 1, '0', '0', '0'),
(29, '19.52 4core silver48 thosan', 'img/logo.png', 1, 2, 15, 190, 155, 1, 1, '0', '0', '0'),
(30, '19.52 4core coper48thosan', 'img/logo.png', 1, 1, 12, 380, 220, 1, 1, '0', '0', '0'),
(31, '150.76 3core 80tari6mm 10 thosan copper', 'img/logo.png', 1, 1, 0, 150, 125, 1, 1, '0', '0', '0'),
(32, '7.83 2core silver 80 thosan', 'img/logo.png', 1, 2, 160, 65, 57.5, 1, 1, '0', '0', '0'),
(33, '4mm white coper heat proof coper', 'img/logo.png', 1, 1, 162.5, 60, 42.5, 1, 1, '0', '0', '0'),
(34, '3.29single core24 thosan coile coper', 'img/logo.png', 1, 1, 17, 1050, 893.75, 1, 1, '0', '0', '0'),
(35, '7.29single core24thosan copper', 'img/logo.png', 1, 1, 0, 2000, 1806.25, 1, 1, '0', '0', '0'),
(36, '16mm single core coper', 'img/logo.png', 1, 1, -41, 60, 50, 1, 1, '0', '0', '0'),
(37, '2.5mm white copper30tari 10 thosan', 'img/logo.png', 1, 1, 4, 2800, 2350, 1, 1, '0', '0', '0'),
(38, '7.72 68thosan2core silver', 'img/logo.png', 1, 2, 246, 47, 44.5, 1, 1, '0', '0', '0'),
(39, '10mm single core coper', 'img/logo.png', 1, 1, 240, 9500, 1096.5, 1, 1, '0', '0', '0'),
(40, '35 mm 3core silver triangle', 'img/logo.png', 1, 2, 120, 230, 150, 1, 1, '0', '0', '0'),
(41, '2mm30 tari 7thosan single core coper', 'img/logo.png', 1, 1, 6, 2300, 1800, 1, 1, '0', '0', '0'),
(42, '4mm single core', 'img/logo.png', 1, 1, 60, 34, 31.140625, 1, 1, '0', '0', '0'),
(43, '7.64 4core coper64thosan', 'img/logo.png', 1, 1, 0, 211, 192, 1, 1, '0', '0', '0'),
(44, '150.76 coper4core10thosan', 'img/logo.png', 1, 1, 0, 190, 175, 1, 1, '0', '0', '0'),
(45, '7.52coper3core50 thosan', 'img/logo.png', 1, 1, 200, 285, 270, 1, 1, '0', '0', '0'),
(46, '7.29single core22thosan', 'img/logo.png', 1, 1, 6, 1700, 1525, 1, 1, '0', '0', '0'),
(47, '70.76coper2core60tara pvc', 'img/logo.png', 1, 1, 300, 42, 38, 1, 1, '0', '0', '0'),
(48, '1.25mm single core coper', 'img/logo.png', 1, 1, 6, 1150, 850, 1, 1, '0', '0', '0'),
(49, '70.76coper2core60tara rabar', 'img/logo.png', 1, 1, 174, 40, 35.3125, 1, 1, '0', '0', '0'),
(50, '6mm3core10 thosan80 tari', 'img/logo.png', 1, 1, 0, 150, 130, 2, 2, '0', '0', '0'),
(51, '7.64coper 4core54thosan', 'img/logo.png', 1, 1, 0, 450, 400, 1, 1, '0', '0', '0'),
(52, '1.5mmwhite coper single core20tara', 'img/logo.png', 1, 1, 2, 1500, 1250, 1, 1, '0', '0', '0'),
(53, '70.76coper3core60tara', 'img/logo.png', 1, 1, 6, 70, 60, 1, 1, '0', '0', '0'),
(54, '2core lead heat proof', 'img/logo.png', 1, 1, 0, 250, 150, 2, 2, '0', '0', '0'),
(55, '40.76heat proof2core coper', 'img/logo.png', 1, 1, 97, 70, 45, 1, 1, '0', '0', '0'),
(56, 'chamak wire 2core coper', 'img/logo.png', 1, 1, 80, 45, 25, 1, 1, '0', '0', '0'),
(57, '7.29coper2core ', 'img/logo.png', 1, 1, 0, 45, 38, 2, 2, '0', '0', '0'),
(58, '19.52coper3.5core', 'img/logo.png', 1, 1, 75, 270, 260, 1, 1, '0', '0', '0'),
(59, '25mm single core coper', 'img/logo.png', 1, 1, 150, 100, 85, 1, 1, '0', '0', '0'),
(60, '7.44cope42thosan singlecore', 'img/logo.png', 1, 1, 1, 5800, 5200, 1, 1, '0', '0', '0'),
(61, '7.64 2core64thosan silver', 'img/logo.png', 1, 2, 143, 45, 42, 1, 1, '0', '0', '0'),
(62, '7.64 3core silver64thosan', 'img/logo.png', 1, 2, 60, 80, 70, 1, 1, '0', '0', '0'),
(63, '2.5mm imported', 'img/logo.png', 1, 1, 330, 33, 29, 1, 1, '0', '0', '0'),
(64, '6mm singlecore  coper', 'img/logo.png', 1, 1, 0, 60, 52, 1, 1, '0', '0', '0'),
(65, '150.76 2core130tari7thosan', 'img/logo.png', 1, 1, 400, 90, 80, 1, 1, '0', '0', '0'),
(66, '10mm 2core coper', 'img/logo.png', 1, 1, 13, 150, 135, 1, 1, '0', '0', '0'),
(67, '7.44coper3core40thosan', 'img/logo.png', 1, 1, 25, 200, 170, 1, 1, '0', '0', '0'),
(68, '7.52coper48thosan4core', 'img/logo.png', 1, 1, 6, 350, 330, 1, 1, '0', '0', '0'),
(69, '3.29 26thosan coper', 'img/logo.png', 1, 1, 8, 1100, 975, 1, 1, '0', '0', '0'),
(70, '3.29 22thosan coper', 'img/logo.png', 1, 1, 37, 800, 700, 1, 1, '0', '0', '0'),
(71, '3.29 27thosancoper', 'img/logo.png', 1, 1, 3, 1200, 1050, 1, 1, '0', '0', '0'),
(72, '3.29 29thosan coper', 'img/logo.png', 1, 1, 2, 1300, 1100, 1, 1, '0', '0', '0'),
(73, '7.29 26thosan coper', 'img/logo.png', 1, 1, 1, 2200, 1950, 1, 1, '0', '0', '0'),
(74, '7.36 2core coper', 'img/logo.png', 1, 1, 82, 90, 85, 1, 1, '0', '0', '0'),
(75, '0.5 mm', 'img/logo.png', 1, 1, 0, 850, 600, 1, 1, '0', '0', '0');

-- --------------------------------------------------------

--
-- Table structure for table `purchase`
--

CREATE TABLE `purchase` (
  `purchase_id` int(11) NOT NULL,
  `purchase_date` text NOT NULL,
  `client_name` varchar(255) NOT NULL,
  `client_contact` varchar(255) NOT NULL,
  `sub_total` varchar(255) NOT NULL,
  `vat` varchar(255) NOT NULL,
  `total_amount` varchar(255) NOT NULL,
  `discount` varchar(255) NOT NULL,
  `grand_total` varchar(255) NOT NULL,
  `paid` varchar(255) NOT NULL,
  `due` varchar(255) NOT NULL,
  `payment_type` int(11) NOT NULL,
  `payment_status` int(11) NOT NULL,
  `transaction_id` int(11) NOT NULL
) ENGINE=InnoDB DEFAULT CHARSET=latin1;

--
-- Dumping data for table `purchase`
--

INSERT INTO `purchase` (`purchase_id`, `purchase_date`, `client_name`, `client_contact`, `sub_total`, `vat`, `total_amount`, `discount`, `grand_total`, `paid`, `due`, `payment_type`, `payment_status`, `transaction_id`) VALUES
(1, '2019-04-07', '2', '_', '301000.00', '0.00', '301000.00', '0', '301000.00', '100000', '291000.00', 0, 0, 1),
(2, '2019-04-29', '4', '_', '2640.00', '0.00', '2640.00', '0', '2640.00', '2640', '0.00', 0, 0, 0),
(3, '2019-04-29', '1', '_', '3960.00', '0.00', '3960.00', '0', '3960.00', '3960', '0.00', 0, 0, 0),
(4, '2019-04-29', '4', '_', '1360.00', '0.00', '1360.00', '0', '1360.00', '1360', '0.00', 0, 0, 0),
(5, '2019-04-06', '4', '_', '4000.00', '0.00', '4000.00', '0', '4000.00', '4000', '0.00', 0, 0, 0),
(6, '2019-04-29', '4', '_', '12750.00', '0.00', '12750.00', '0', '12750.00', '12750', '0.00', 0, 0, 0),
(7, '2019-04-29', '4', '_', '3500.00', '0.00', '3500.00', '0', '3500.00', '3500', '0.00', 0, 0, 0),
(8, '2019-04-29', '4', '_', '3500.00', '0.00', '3500.00', '0', '3500.00', '3500', '0.00', 0, 0, 0),
(9, '2019-04-06', '4', '_', '3960.00', '0.00', '3960.00', '0', '3960.00', '3960', '0.00', 0, 0, 0),
(10, '2019-04-06', '4', '_', '2640.00', '0.00', '2640.00', '0', '2640.00', '2640', '0.00', 0, 0, 0),
(11, '2019-04-06', '4', '_', '18360.00', '0.00', '18360.00', '0', '18360.00', '18360', '0.00', 0, 0, 0),
(12, '2019-04-07', '2', '_', '83000.00', '0.00', '83000.00', '0', '83000.00', '83000', '0.00', 0, 0, 0),
(13, '2019-04-28', '2', '_', '33000.00', '0.00', '33000.00', '0', '33000.00', '33000', '0.00', 0, 0, 0),
(14, '2019-04-29', '2', '_', '27000.00', '0.00', '27000.00', '0', '27000.00', '27000', '0.00', 0, 0, 0),
(15, '2019-04-11', '2', '_', '7304.00', '0.00', '7304.00', '0', '7304.00', '', '7304.00', 0, 0, 3),
(16, '2019-04-24', '4', '_', '2814.00', '0.00', '2814.00', '0', '2814.00', '2814', '0.00', 0, 0, 0),
(17, '2019-04-28', '2', '_', '900.00', '0.00', '900.00', '0', '900.00', '900', '0.00', 0, 0, 0),
(18, '2019-04-30', '5', '_', '7700.00', '0.00', '7700.00', '0', '7700.00', '7700', '0.00', 0, 0, 0),
(19, '2019-04-30', '6', '_', '3097.00', '0.00', '3097.00', '0', '3097.00', '', '3097.00', 0, 0, 5),
(20, '2019-04-30', '2', '_', '80556.00', '0.00', '80556.00', '0', '80556.00', '80556', '0.00', 0, 0, 0),
(21, '2019-04-30', '2', '_', '41500.00', '0.00', '41500.00', '0', '41500.00', '41500', '0.00', 0, 0, 0),
(22, '2019-04-30', '6', '_', '882.00', '0.00', '882.00', '0', '882.00', '882', '0.00', 0, 0, 0),
(23, '2019-04-30', '1', '_', '5000.00', '0.00', '5000.00', '0', '5000.00', '5000', '0.00', 0, 0, 0),
(24, '2019-04-06', '4', '_', '5000.00', '0.00', '5000.00', '0', '5000.00', '5000', '0.00', 0, 0, 0),
(25, '2019-06-10', '1', 'adnan cable', '4965.00', '0.00', '4965.00', '0', '4965.00', '4965', '0.00', 0, 0, 0),
(26, '2019-04-04', '1', '_', '97050.00', '0.00', '97050.00', '0', '97050.00', '97050', '0.00', 0, 0, 0),
(27, '2019-04-04', '1', '_', '97050.00', '0.00', '97050.00', '0', '97050.00', '97050', '0.00', 0, 0, 0),
(28, '2019-04-04', '1', '_', '97050.00', '0.00', '97050.00', '0', '97050.00', '97050', '0.00', 0, 0, 0),
(29, '2019-04-04', '1', '_', '97050.00', '0.00', '97050.00', '0', '97050.00', '97050', '0.00', 0, 0, 0),
(30, '2019-04-04', '1', '_', '97050.00', '0.00', '97050.00', '0', '97050.00', '97050', '0.00', 0, 0, 0),
(31, '2019-04-04', '1', '_', '97050.00', '0.00', '97050.00', '0', '97050.00', '97050', '0.00', 0, 0, 0),
(32, '2019-04-04', '1', '_', '97050.00', '0.00', '97050.00', '0', '97050.00', '97050', '0.00', 0, 0, 0),
(33, '2019-04-04', '1', '_', '97050.00', '0.00', '97050.00', '0', '97050.00', '97050', '0.00', 0, 0, 0),
(34, '2019-04-04', '1', '_', '97050.00', '0.00', '97050.00', '0', '97050.00', '97050', '0.00', 0, 0, 0),
(35, '2019-04-04', '1', '_', '97050.00', '0.00', '97050.00', '0', '97050.00', '97050', '0.00', 0, 0, 0),
(36, '2019-04-06', '1', '_shazam cable', '18360.00', '0.00', '18360.00', '0', '18360.00', '18360', '0.00', 0, 0, 0),
(37, '2019-04-06', '1', '_', '8000.00', '0.00', '8000.00', '0', '8000.00', '8000', '0.00', 0, 0, 0),
(38, '2019-04-24', '2', '_', '38400.00', '0.00', '38400.00', '0', '38400.00', '38400', '0.00', 0, 0, 0),
(39, '2019-04-21', '2', '_', '55400.00', '0.00', '55400.00', '0', '55400.00', '', '55400.00', 0, 0, 10),
(40, '2019-04-21', '2', '_', '6000.00', '0.00', '6000.00', '0', '6000.00', '6000', '0.00', 0, 0, 0),
(41, '2019-04-14', '2', '_', '35000.00', '0.00', '35000.00', '0', '35000.00', '35000', '0.00', 0, 0, 0),
(42, '2019-05-29', '2', '_', '4000.00', '0.00', '4000.00', '0', '4000.00', '4000', '0.00', 0, 0, 0),
(43, '2019-05-29', '2', '_', '7600.00', '0.00', '7600.00', '0', '7600.00', '6000', '1600.00', 0, 0, 11),
(44, '2019-05-15', '1', '_', '6704.00', '0.00', '6704.00', '0', '6704.00', '6704', '0.00', 0, 0, 0),
(45, '2019-05-15', '1', '_', '6704.00', '0.00', '6704.00', '0', '6704.00', '6704', '0.00', 0, 0, 0),
(46, '2019-05-15', '2', '_', '6704.00', '0.00', '6704.00', '0', '6704.00', '6704', '0.00', 0, 0, 0),
(47, '2019-05-15', '2', '_', '12600.00', '0.00', '12600.00', '0', '12600.00', '12600', '0.00', 0, 0, 0),
(48, '2019-05-15', '2', '_', '12600.00', '0.00', '12600.00', '0', '12600.00', '12600', '0.00', 0, 0, 0),
(49, '2019-05-16', '2', '_', '500.00', '0.00', '500.00', '0', '500.00', '500', '0.00', 0, 0, 0),
(50, '2019-05-18', '1', '_', '4296.00', '0.00', '4296.00', '0', '4296.00', '4290', '6.00', 0, 0, 12),
(51, '2019-05-15', '1', '_', '3150.00', '0.00', '3150.00', '0', '3150.00', '3150', '0.00', 0, 0, 0),
(52, '2019-05-08', '8', '_', '23040.00', '0.00', '23040.00', '0', '23040.00', '23000', '40.00', 0, 0, 13),
(53, '2019-05-09', '2', '_', '13850.00', '0.00', '13850.00', '0', '13850.00', '13850', '0.00', 0, 0, 0),
(54, '2019-05-08', '2', '_', '3100.00', '0.00', '3100.00', '0', '3100.00', '3100', '0.00', 0, 0, 0),
(55, '2019-05-07', '2', '_', '18200.00', '0.00', '18200.00', '0', '18200.00', '18200', '0.00', 0, 0, 0),
(56, '2019-05-04', '2', '_', '90950.00', '0.00', '90950.00', '0', '90950.00', '90900', '50.00', 0, 0, 14),
(57, '2019-05-04', '2', '_', '3500.00', '0.00', '3500.00', '0', '3500.00', '3500', '0.00', 0, 0, 0),
(58, '2019-04-28', '2', '_', '9000.00', '0.00', '9000.00', '0', '9000.00', '9000', '0.00', 0, 0, 0),
(59, '2019-04-27', '2', '_', '2000.00', '0.00', '2000.00', '0', '2000.00', '2000', '0.00', 0, 0, 0),
(60, '2019-04-18', '2', '_', '4466.00', '0.00', '4466.00', '0', '4466.00', '4450', '16.00', 0, 0, 15),
(61, '2019-05-13', '2', '_', '3600.00', '0.00', '3600.00', '0', '3600.00', '3600', '0.00', 0, 0, 0),
(62, '2019-05-13', '2', '_', '62002.00', '0.00', '62002.00', '0', '62002.00', '62000', '2.00', 0, 0, 16),
(63, '2019-05-13', '2', '_', '7500.00', '0.00', '7500.00', '0', '7500.00', '7500', '0.00', 0, 0, 0),
(64, '2019-06-11', '4', '_', '3750.00', '0.00', '3750.00', '0', '3750.00', '3750', '0.00', 0, 0, 0),
(65, '2019-06-11', '4', '_', '11400.00', '0.00', '11400.00', '0', '11400.00', '11400', '0.00', 0, 0, 0),
(66, '2019-06-13', '4', '_', '4800.00', '0.00', '4800.00', '0', '4800.00', '4800', '0.00', 0, 0, 0),
(67, '2019-06-15', '4', '_', '9900.00', '0.00', '9900.00', '0', '9900.00', '9900', '0.00', 0, 0, 0),
(68, '2019-06-18', '4', '_', '7000.00', '0.00', '7000.00', '0', '7000.00', '7000', '0.00', 0, 0, 0),
(69, '2019-05-01', '2', '_', '3200.00', '0.00', '3200.00', '0', '3200.00', '3200', '0.00', 0, 0, 0),
(70, '2019-05-06', '2', '_', '32350.00', '0.00', '32350.00', '0', '32350.00', '32350', '0.00', 0, 0, 0),
(71, '2019-05-05', '2', '_', '36370.00', '0.00', '36370.00', '0', '36370.00', '36000', '370.00', 0, 0, 17),
(72, '2019-05-02', '2', '_', '2000.00', '0.00', '2000.00', '0', '2000.00', '2000', '0.00', 0, 0, 0),
(73, '2019-04-09', '2', '_', '4965.00', '0.00', '4965.00', '0', '4965.00', '5000', '-35.00', 0, 0, 18),
(74, '2019-04-11', '2', '_', '7304.00', '0.00', '7304.00', '0', '7304.00', '7300', '4.00', 0, 0, 19),
(75, '2019-04-17', '2', '_', '2520.00', '0.00', '2520.00', '0', '2520.00', '2520', '0.00', 0, 0, 0),
(76, '2019-04-18', '2', '_', '4030.00', '0.00', '4030.00', '0', '4030.00', '4030', '0.00', 0, 0, 0),
(77, '2019-04-28', '2', '_', '20000.00', '0.00', '20000.00', '0', '20000.00', '20000', '0.00', 0, 0, 0),
(78, '2019-04-30', '2', '_', '10600.00', '0.00', '10600.00', '0', '10600.00', '10600', '0.00', 0, 0, 0),
(79, '2019-04-16', '2', '_', '700.00', '0.00', '700.00', '0', '700.00', '700', '0.00', 0, 0, 0),
(80, '2019-05-07', '5', '_', '360.00', '0.00', '360.00', '0', '360.00', '360', '0.00', 0, 0, 0),
(81, '2019-05-02', '5', '_', '2800.00', '0.00', '2800.00', '0', '2800.00', '2800', '0.00', 0, 0, 0),
(82, '2019-04-22', '5', '_', '600.00', '0.00', '600.00', '0', '600.00', '600', '0.00', 0, 0, 0),
(83, '2019-04-08', '5', '_', '750.00', '0.00', '750.00', '0', '750.00', '750', '0.00', 0, 0, 0),
(84, '2019-04-29', '5', '_', '16225.00', '0.00', '16225.00', '0', '16225.00', '16225', '0.00', 0, 0, 0),
(85, '2019-05-18', '9', '_', '2835.00', '0.00', '2835.00', '0', '2835.00', '2835', '0.00', 0, 0, 0),
(86, '2019-04-17', '4', '_', '3200.00', '0.00', '3200.00', '0', '3200.00', '3200', '0.00', 0, 0, 0),
(87, '2019-04-14', '4', '_', '15270.00', '0.00', '15270.00', '0', '15270.00', '15270', '0.00', 0, 0, 0),
(88, '2019-04-24', '4', '_', '4400.00', '0.00', '4400.00', '0', '4400.00', '4400', '0.00', 0, 0, 0),
(89, '2019-06-02', '2', '_', '1392.00', '0.00', '1392.00', '0', '1392.00', '1392', '0.00', 0, 0, 0),
(90, '2019-06-03', '10', '_', '19500.00', '0.00', '19500.00', '0', '19500.00', '19500', '0.00', 0, 0, 0),
(91, '2019-05-30', '4', '_', '15630.00', '0.00', '15630.00', '0', '15630.00', '15630', '0.00', 0, 0, 0),
(92, '2019-05-30', '4', '_', '5200.00', '0.00', '5200.00', '0', '5200.00', '5200', '0.00', 0, 0, 0),
(93, '2019-05-25', '4', '_', '1800.00', '0.00', '1800.00', '0', '1800.00', '1800', '0.00', 0, 0, 0),
(94, '2019-06-10', '1', '_', '8200.00', '0.00', '8200.00', '0', '8200.00', '8200', '0.00', 0, 0, 0),
(95, '2019-05-22', '4', '_', '11680.00', '0.00', '11680.00', '0', '11680.00', '11680', '0.00', 0, 0, 0),
(96, '2019-05-29', '2', '_', '6006.00', '0.00', '6006.00', '0', '6006.00', '6006', '0.00', 0, 0, 0),
(97, '2019-05-19', '2', '_', '4200.00', '0.00', '4200.00', '0', '4200.00', '4200', '0.00', 0, 0, 0),
(98, '2019-05-29', '5', '_', '9570.00', '0.00', '9570.00', '0', '9570.00', '9570', '0.00', 0, 0, 0),
(99, '2019-06-16', '2', '_', '31155.00', '0.00', '31155.00', '0', '31155.00', '31150', '5.00', 0, 0, 20),
(100, '2019-06-22', '2', '_', '7780.00', '0.00', '7780.00', '0', '7780.00', '7700', '80.00', 0, 0, 21),
(101, '2019-06-12', '1', '_', '36800.00', '0.00', '36800.00', '0', '36800.00', '36800', '0.00', 0, 0, 0),
(102, '2019-06-13', '2', '_', '1456.00', '0.00', '1456.00', '0', '1456.00', '1460', '-4.00', 0, 0, 22),
(103, '2019-06-23', '4', '_', '4900.00', '0.00', '4900.00', '0', '4900.00', '4900', '0.00', 0, 0, 0),
(104, '2019-06-24', '4', '_', '2000.00', '0.00', '2000.00', '0', '2000.00', '2000', '0.00', 0, 0, 0),
(105, '2019-04-07', '6', '_', '106750.00', '0.00', '106750.00', '0', '106750.00', '106750', '0.00', 0, 0, 0),
(106, '2019-04-07', '6', '_', '7600.00', '0.00', '7600.00', '0', '7600.00', '7600', '0.00', 0, 0, 0),
(107, '2019-04-07', '1', '_', '42000.00', '0.00', '42000.00', '0', '42000.00', '42000', '0.00', 0, 0, 0),
(108, '2019-04-14', '1', '_', '35000.00', '0.00', '35000.00', '0', '35000.00', '35000', '0.00', 0, 0, 0),
(109, '2019-05-07', '1', '_', '14000.00', '0.00', '14000.00', '0', '14000.00', '14000', '0.00', 0, 0, 0),
(110, '2019-07-10', '1', '_', '17000.00', '0.00', '17000.00', '0', '17000.00', '17000', '0.00', 0, 0, 0),
(111, '2019-04-10', '1', '_', '1200.00', '0.00', '1200.00', '0', '1200.00', '1200', '0.00', 0, 0, 0),
(112, '2019-04-07', '1', '_', '190.00', '0.00', '190.00', '0', '190.00', '190', '0.00', 0, 0, 0),
(113, '2019-04-07', '1', '_', '600.00', '0.00', '600.00', '0', '600.00', '600', '0.00', 0, 0, 0),
(114, '2019-04-04', '1', '_', '8404.00', '0.00', '8404.00', '0', '8404.00', '8400', '4.00', 0, 0, 55),
(115, '2019-05-07', '1', '_', '3100.00', '0.00', '3100.00', '0', '3100.00', '3100', '0.00', 0, 0, 0),
(116, '2019-04-06', '4', '_', '6200.00', '0.00', '6200.00', '0', '6200.00', '6200', '0.00', 0, 0, 0);

-- --------------------------------------------------------

--
-- Table structure for table `purchase_item`
--

CREATE TABLE `purchase_item` (
  `purchase_item_id` int(255) NOT NULL,
  `purchase_id` int(255) NOT NULL,
  `product_id` int(255) NOT NULL,
  `quantity` varchar(255) NOT NULL,
  `rate` varchar(255) NOT NULL,
  `total` varchar(255) NOT NULL,
  `purchase_item_status` int(11) NOT NULL
) ENGINE=InnoDB DEFAULT CHARSET=latin1;

--
-- Dumping data for table `purchase_item`
--

INSERT INTO `purchase_item` (`purchase_item_id`, `purchase_id`, `product_id`, `quantity`, `rate`, `total`, `purchase_item_status`) VALUES
(1, 1, 10, '1000', '14', '14000.00', 1),
(2, 1, 5, '800', '20', '16000.00', 1),
(3, 1, 6, '1000', '35', '35000.00', 1),
(4, 1, 7, '1000', '33', '33000.00', 1),
(5, 1, 9, '1000', '83', '83000.00', 1),
(6, 1, 8, '1000', '56', '56000.00', 1),
(7, 1, 6, '200', '35', '7000.00', 1),
(8, 1, 3, '1000', '57', '57000.00', 1),
(9, 2, 12, '16', '165', '2640.00', 1),
(10, 3, 13, '9', '440', '3960.00', 1),
(11, 4, 14, '40', '34', '1360.00', 1),
(12, 5, 15, '2', '2000', '4000.00', 1),
(13, 6, 16, '15', '850', '12750.00', 1),
(14, 7, 19, '20', '175', '3500.00', 1),
(15, 8, 19, '20', '175', '3500.00', 1),
(16, 9, 13, '9', '440', '3960.00', 1),
(17, 10, 12, '16', '165', '2640.00', 1),
(18, 11, 14, '540', '34', '18360.00', 1),
(19, 12, 11, '1000', '83', '83000.00', 1),
(21, 14, 2, '1000', '27', '27000.00', 1),
(23, 13, 1, '1000', '33', '33000.00', 1),
(24, 15, 25, '88', '83', '7304.00', 1),
(25, 16, 33, '67', '42', '2814.00', 1),
(26, 17, 34, '1', '900', '900.00', 1),
(27, 18, 36, '154', '50', '7700.00', 1),
(28, 19, 5, '163', '19', '3097.00', 1),
(29, 20, 26, '588', '137', '80556.00', 1),
(30, 21, 25, '500', '83', '41500.00', 1),
(31, 22, 10, '63', '14', '882.00', 1),
(32, 23, 24, '10', '500', '5000.00', 1),
(33, 24, 17, '5', '1000', '5000.00', 1),
(34, 25, 29, '15', '155', '2325.00', 1),
(35, 25, 30, '12', '220', '2640.00', 1),
(36, 26, 1, '2000', '33', '66000.00', 1),
(37, 27, 1, '2000', '33', '66000.00', 1),
(38, 28, 1, '2000', '33', '66000.00', 1),
(39, 29, 1, '2000', '33', '66000.00', 1),
(40, 30, 1, '2000', '33', '66000.00', 1),
(41, 31, 1, '2000', '33', '66000.00', 1),
(42, 32, 1, '2000', '33', '66000.00', 1),
(43, 33, 1, '2000', '33', '66000.00', 1),
(44, 34, 1, '2000', '33', '66000.00', 1),
(45, 35, 1, '2000', '33', '66000.00', 1),
(46, 36, 7, '540', '34', '18360.00', 1),
(47, 37, 15, '4', '2000', '8000.00', 1),
(48, 38, 37, '4', '2350', '9400.00', 1),
(49, 38, 8, '500', '58', '29000.00', 1),
(50, 39, 10, '2000', '14', '28000.00', 1),
(51, 39, 5, '1000', '19', '19000.00', 1),
(52, 39, 15, '4', '2100', '8400.00', 1),
(53, 40, 17, '6', '1000', '6000.00', 1),
(54, 41, 6, '1000', '35', '35000.00', 1),
(55, 42, 15, '2', '2000', '4000.00', 1),
(56, 43, 38, '100', '44', '4400.00', 1),
(57, 43, 39, '40', '80', '3200.00', 1),
(58, 44, 8, '63', '58', '3654.00', 1),
(59, 44, 25, '10', '85', '850.00', 1),
(60, 44, 9, '20', '85', '1700.00', 1),
(61, 44, 24, '1', '500', '500.00', 1),
(62, 45, 8, '63', '58', '3654.00', 1),
(63, 45, 25, '10', '85', '850.00', 1),
(64, 45, 9, '20', '85', '1700.00', 1),
(65, 45, 24, '1', '500', '500.00', 1),
(66, 46, 8, '63', '58', '3654.00', 1),
(67, 46, 25, '10', '85', '850.00', 1),
(68, 46, 11, '20', '85', '1700.00', 1),
(69, 46, 24, '1', '500', '500.00', 1),
(70, 47, 40, '60', '150', '9000.00', 1),
(71, 47, 41, '2', '1800', '3600.00', 1),
(72, 48, 40, '60', '150', '9000.00', 1),
(73, 48, 41, '2', '1800', '3600.00', 1),
(74, 49, 24, '1', '500', '500.00', 1),
(75, 50, 42, '10', '31', '310.00', 1),
(76, 50, 24, '6', '500', '3000.00', 1),
(77, 50, 8, '17', '58', '986.00', 1),
(78, 51, 17, '3', '1050', '3150.00', 1),
(79, 52, 43, '120', '192', '23040.00', 1),
(80, 53, 13, '32', '400', '12800.00', 1),
(81, 53, 17, '1', '1050', '1050.00', 1),
(82, 54, 42, '100', '31', '3100.00', 1),
(83, 55, 6, '400', '35', '14000.00', 1),
(84, 55, 15, '2', '2100', '4200.00', 1),
(85, 56, 17, '39', '1050', '40950.00', 1),
(86, 56, 15, '12', '2100', '25200.00', 1),
(87, 56, 42, '800', '31', '24800.00', 1),
(88, 57, 44, '20', '175', '3500.00', 1),
(89, 58, 34, '1', '900', '900.00', 1),
(90, 58, 35, '1', '1800', '1800.00', 1),
(91, 58, 17, '6', '1050', '6300.00', 1),
(92, 59, 15, '1', '2000', '2000.00', 1),
(93, 60, 32, '77', '58', '4466.00', 1),
(94, 61, 41, '2', '1800', '3600.00', 1),
(95, 62, 45, '200', '270', '54000.00', 1),
(96, 62, 38, '83', '44', '3652.00', 1),
(97, 62, 20, '6', '725', '4350.00', 1),
(98, 63, 46, '5', '1500', '7500.00', 1),
(99, 64, 16, '1', '900', '900.00', 1),
(100, 64, 24, '6', '475', '2850.00', 1),
(101, 65, 47, '300', '38', '11400.00', 1),
(102, 66, 24, '10', '480', '4800.00', 1),
(103, 67, 16, '11', '900', '9900.00', 1),
(104, 68, 21, '5', '1400', '7000.00', 1),
(105, 69, 42, '100', '32', '3200.00', 1),
(106, 70, 48, '3', '850', '2550.00', 1),
(107, 70, 24, '1', '500', '500.00', 1),
(108, 70, 15, '2', '2100', '4200.00', 1),
(109, 70, 42, '100', '31', '3100.00', 1),
(110, 70, 15, '3', '2100', '6300.00', 1),
(111, 70, 42, '100', '31', '3100.00', 1),
(112, 70, 17, '12', '1050', '12600.00', 1),
(113, 71, 32, '160', '57', '9120.00', 1),
(114, 71, 49, '300', '35', '10500.00', 1),
(115, 71, 48, '3', '850', '2550.00', 1),
(116, 71, 15, '2', '2100', '4200.00', 1),
(117, 71, 24, '20', '500', '10000.00', 1),
(118, 72, 24, '4', '500', '2000.00', 1),
(119, 73, 30, '12', '220', '2640.00', 1),
(120, 73, 29, '15', '155', '2325.00', 1),
(121, 74, 25, '88', '83', '7304.00', 1),
(122, 75, 10, '180', '14', '2520.00', 1),
(123, 76, 31, '31', '130', '4030.00', 1),
(124, 77, 51, '50', '400', '20000.00', 1),
(125, 78, 52, '2', '1250', '2500.00', 1),
(126, 78, 34, '9', '900', '8100.00', 1),
(127, 79, 20, '1', '700', '700.00', 1),
(128, 80, 53, '6', '60', '360.00', 1),
(129, 81, 35, '1', '1850', '1850.00', 1),
(130, 81, 34, '1', '950', '950.00', 1),
(131, 82, 28, '5', '120', '600.00', 1),
(132, 83, 27, '5', '150', '750.00', 1),
(133, 84, 55, '165', '45', '7425.00', 1),
(134, 84, 56, '100', '25', '2500.00', 1),
(135, 84, 35, '3', '1800', '5400.00', 1),
(136, 84, 34, '1', '900', '900.00', 1),
(137, 85, 38, '63', '45', '2835.00', 1),
(138, 86, 10, '200', '16', '3200.00', 1),
(139, 87, 23, '15', '38', '570.00', 1),
(140, 87, 24, '15', '500', '7500.00', 1),
(141, 87, 15, '2', '2000', '4000.00', 1),
(142, 87, 42, '100', '32', '3200.00', 1),
(143, 88, 17, '4', '1100', '4400.00', 1),
(144, 89, 8, '24', '58', '1392.00', 1),
(145, 90, 58, '75', '260', '19500.00', 1),
(146, 91, 24, '6', '480', '2880.00', 1),
(147, 91, 59, '150', '85', '12750.00', 1),
(148, 92, 60, '1', '5200', '5200.00', 1),
(149, 93, 11, '20', '90', '1800.00', 1),
(150, 94, 39, '100', '82', '8200.00', 1),
(151, 95, 24, '4', '480', '1920.00', 1),
(152, 95, 16, '10', '900', '9000.00', 1),
(153, 95, 33, '19', '40', '760.00', 1),
(154, 96, 61, '143', '42', '6006.00', 1),
(155, 97, 62, '60', '70', '4200.00', 1),
(156, 98, 63, '330', '29', '9570.00', 1),
(157, 99, 64, '100', '52', '5200.00', 1),
(158, 99, 65, '100', '80', '8000.00', 1),
(159, 99, 66, '13', '135', '1755.00', 1),
(160, 99, 65, '100', '80', '8000.00', 1),
(161, 99, 39, '100', '82', '8200.00', 1),
(162, 100, 67, '25', '170', '4250.00', 1),
(163, 100, 68, '6', '330', '1980.00', 1),
(164, 100, 46, '1', '1550', '1550.00', 1),
(165, 101, 5, '200', '20', '4000.00', 1),
(166, 101, 8, '300', '56', '16800.00', 1),
(167, 101, 65, '200', '80', '16000.00', 1),
(168, 102, 8, '26', '56', '1456.00', 1),
(169, 103, 49, '100', '40', '4000.00', 1),
(170, 103, 16, '1', '900', '900.00', 1),
(171, 104, 24, '4', '500', '2000.00', 1),
(172, 105, 20, '16', '675', '10800.00', 1),
(173, 105, 34, '28', '875', '24500.00', 1),
(174, 105, 69, '12', '975', '11700.00', 1),
(175, 105, 70, '37', '700', '25900.00', 1),
(176, 105, 71, '3', '1050', '3150.00', 1),
(177, 105, 72, '2', '1100', '2200.00', 1),
(178, 105, 21, '17', '1350', '22950.00', 1),
(179, 105, 35, '2', '1800', '3600.00', 1),
(180, 105, 73, '1', '1950', '1950.00', 1),
(181, 106, 22, '400', '19', '7600.00', 1),
(182, 107, 49, '1200', '35', '42000.00', 1),
(183, 108, 49, '1000', '35', '35000.00', 1),
(184, 109, 49, '400', '35', '14000.00', 1),
(185, 110, 74, '200', '85', '17000.00', 1),
(186, 111, 75, '2', '600', '1200.00', 1),
(187, 112, 23, '5', '38', '190.00', 1),
(188, 113, 75, '1', '600', '600.00', 1),
(189, 114, 33, '191', '44', '8404.00', 1),
(190, 115, 42, '100', '31', '3100.00', 1),
(191, 116, 42, '200', '31', '6200.00', 1);

-- --------------------------------------------------------

--
-- Table structure for table `transactions`
--

CREATE TABLE `transactions` (
  `transaction_id` int(11) NOT NULL,
  `debit` varchar(100) NOT NULL,
  `credit` varchar(100) NOT NULL,
  `balance` varchar(100) NOT NULL,
  `customer_id` int(11) NOT NULL,
  `transaction_remarks` text NOT NULL,
  `transaction_add_date` timestamp NOT NULL DEFAULT CURRENT_TIMESTAMP ON UPDATE CURRENT_TIMESTAMP
) ENGINE=InnoDB DEFAULT CHARSET=latin1;

--
-- Dumping data for table `transactions`
--

INSERT INTO `transactions` (`transaction_id`, `debit`, `credit`, `balance`, `customer_id`, `transaction_remarks`, `transaction_add_date`) VALUES
(1, '201000', '0', '-201000', 2, 'Purchased product', '2019-04-29 10:19:17'),
(2, '0', '190.00', '190', 3, 'Amount receivable for goods sold(_)', '2019-04-29 11:42:36'),
(3, '7304.00', '0', '-193696', 2, 'Purchased product', '2019-04-30 09:35:52'),
(4, '0', '1250.00', '1250', 1, 'Amount receivable for goods sold(_)', '2019-04-30 15:06:20'),
(5, '3097.00', '0', '3097', 6, 'Purchased product', '2019-04-30 15:48:15'),
(6, '-1.00', '0', '1249', 1, 'Amount receivable for goods sold', '2019-04-30 15:54:05'),
(7, '0', '58.00', '1307', 1, 'Amount receivable for goods sold(_muhammad saeed)', '2019-04-30 16:35:32'),
(8, '0', '75.00', '1382', 1, 'Amount receivable for goods sold(_jani 03046777603)', '2019-04-30 16:56:59'),
(9, '-2.00', '0', '-193698', 2, 'Amount receivable for goods sold', '2019-04-30 17:03:04'),
(10, '55400.00', '0', '-138298', 2, 'Purchased product', '2019-06-16 09:02:43'),
(11, '1600.00', '0', '-136698', 2, 'Purchased product', '2019-06-18 12:03:15'),
(12, '6.00', '0', '1388', 1, 'Purchased product', '2019-06-18 15:46:25'),
(13, '40.00', '0', '40', 8, 'Purchased product', '2019-06-18 15:58:05'),
(14, '50.00', '0', '-136648', 2, 'Purchased product', '2019-06-18 16:15:30'),
(15, '16.00', '0', '-136632', 2, 'Purchased product', '2019-06-18 16:28:27'),
(16, '2.00', '0', '-136630', 2, 'Purchased product', '2019-06-18 16:38:12'),
(17, '370.00', '0', '-136260', 2, 'Purchased product', '2019-06-19 11:18:04'),
(18, '0', '-35.00', '-136225', 2, 'Purchased product', '2019-06-19 11:22:12'),
(19, '4.00', '0', '-136221', 2, 'Purchased product', '2019-06-19 11:24:20'),
(20, '5.00', '0', '-136216', 2, 'Purchased product', '2019-06-19 16:11:55'),
(21, '80.00', '0', '-136136', 2, 'Purchased product', '2019-06-22 16:21:35'),
(22, '0', '-4.00', '-136132', 2, 'Purchased product', '2019-06-22 16:37:06'),
(25, '265868', '0', '-402000', 2, '_', '2019-06-23 09:14:38'),
(26, '0', '531736', '129736', 2, '_', '2019-06-23 09:15:14'),
(27, '0', '58.00', '1446', 1, 'Amount receivable for goods sold(_)', '2019-07-04 12:07:43'),
(28, '-2.00', '0', '1444', 1, 'Amount receivable for goods sold', '2019-07-04 12:11:47'),
(29, '0', '20.00', '1464', 1, 'Amount receivable for goods sold(_)', '2019-07-04 12:47:01'),
(30, '0', '40.00', '1504', 1, 'Amount receivable for goods sold(_)', '2019-07-04 13:14:24'),
(31, '0', '5.00', '1509', 1, 'Amount receivable for goods sold(_)', '2019-07-04 13:16:48'),
(32, '0', '10.00', '1519', 1, 'Amount receivable for goods sold(_)', '2019-07-06 14:09:43'),
(33, '0', '25.00', '1544', 1, 'Amount receivable for goods sold(_)', '2019-07-06 14:59:05'),
(34, '0', '10.00', '1554', 1, 'Amount receivable for goods sold(_)', '2019-07-06 15:11:50'),
(35, '0', '4.00', '1558', 1, 'Amount receivable for goods sold(_)', '2019-07-07 07:50:32'),
(36, '-20.00', '0', '1538', 1, 'Amount receivable for goods sold', '2019-07-07 07:53:03'),
(37, '-20.00', '0', '1518', 1, 'Amount receivable for goods sold', '2019-07-07 07:53:03'),
(38, '0', '35.00', '1553', 1, 'Amount receivable for goods sold(_javed sahib03018617713)', '2019-07-07 08:04:15'),
(39, '0', '100.00', '1653', 1, 'Amount receivable for goods sold(_)', '2019-07-07 09:32:48'),
(40, '0', '25.00', '1678', 1, 'Amount receivable for goods sold(_)', '2019-07-07 09:44:17'),
(41, '0', '95.00', '1773', 1, 'Amount receivable for goods sold(_)', '2019-07-07 10:13:39'),
(42, '0', '75.00', '1848', 1, 'Amount receivable for goods sold(_)', '2019-07-07 10:13:39'),
(43, '-5.00', '0', '1843', 1, 'Amount receivable for goods sold', '2019-07-07 10:20:23'),
(44, '0', '75.00', '1918', 1, 'Amount receivable for goods sold(_)', '2019-07-07 10:23:22'),
(45, '0', '5.00', '1923', 1, 'Amount receivable for goods sold(_)', '2019-07-07 10:37:01'),
(46, '-10.00', '0', '1913', 1, 'Amount receivable for goods sold', '2019-07-07 10:39:24'),
(47, '-20.00', '0', '1893', 1, 'Amount receivable for goods sold', '2019-07-07 15:03:25'),
(48, '0', '40.00', '1933', 1, 'Amount receivable for goods sold(_)', '2019-07-07 15:29:01'),
(49, '-10.00', '0', '1923', 1, 'Amount receivable for goods sold', '2019-07-07 15:58:01'),
(50, '0', '10.00', '1933', 1, 'Amount receivable for goods sold(_)', '2019-07-09 12:19:54'),
(51, '0', '3.50', '1936.5', 1, 'Amount receivable for goods sold(_)', '2019-07-09 13:02:49'),
(52, '0', '5.00', '1941.5', 1, 'Amount receivable for goods sold(_)', '2019-07-11 07:04:01'),
(53, '0', '40.00', '1981.5', 1, 'Amount receivable for goods sold(_)', '2019-07-11 07:06:04'),
(54, '-10.00', '0', '1971.5', 1, 'Amount receivable for goods sold', '2019-07-11 07:10:23'),
(55, '4.00', '0', '1975.5', 1, 'Purchased product', '2019-07-11 07:34:10'),
(56, '0', '20.00', '1995.5', 1, 'Amount receivable for goods sold(_)', '2019-07-11 07:35:42'),
(57, '0', '50.00', '2045.5', 1, 'Amount receivable for goods sold(_)', '2019-07-11 07:44:29'),
(58, '-20.00', '0', '2025.5', 1, 'Amount receivable for goods sold', '2019-07-12 13:37:42');

-- --------------------------------------------------------

--
-- Table structure for table `users`
--

CREATE TABLE `users` (
  `user_id` int(11) NOT NULL,
  `username` varchar(255) NOT NULL,
  `password` varchar(255) NOT NULL,
  `email` varchar(255) NOT NULL,
  `address` varchar(500) NOT NULL,
  `phone` varchar(50) NOT NULL
) ENGINE=InnoDB DEFAULT CHARSET=latin1;

--
-- Dumping data for table `users`
--

INSERT INTO `users` (`user_id`, `username`, `password`, `email`, `address`, `phone`) VALUES
(1, 'admin', '21232f297a57a5a743894a0e4a801fc3', 'sami@gmail.com', '234', '12345');

-- --------------------------------------------------------

--
-- Table structure for table `vouchers`
--

CREATE TABLE `vouchers` (
  `voucher_id` int(11) NOT NULL,
  `customer_id` varchar(300) NOT NULL,
  `nuration` text NOT NULL,
  `transaction_id` int(11) NOT NULL,
  `voucher_date` date NOT NULL
) ENGINE=InnoDB DEFAULT CHARSET=latin1;

--
-- Indexes for dumped tables
--

--
-- Indexes for table `admin`
--
ALTER TABLE `admin`
  ADD PRIMARY KEY (`id`);

--
-- Indexes for table `brands`
--
ALTER TABLE `brands`
  ADD PRIMARY KEY (`brand_id`);

--
-- Indexes for table `budget`
--
ALTER TABLE `budget`
  ADD PRIMARY KEY (`budget_id`);

--
-- Indexes for table `budget_category`
--
ALTER TABLE `budget_category`
  ADD PRIMARY KEY (`budget_category_id`);

--
-- Indexes for table `categories`
--
ALTER TABLE `categories`
  ADD PRIMARY KEY (`categories_id`);

--
-- Indexes for table `company`
--
ALTER TABLE `company`
  ADD PRIMARY KEY (`id`);

--
-- Indexes for table `customers`
--
ALTER TABLE `customers`
  ADD PRIMARY KEY (`customer_id`);

--
-- Indexes for table `orders`
--
ALTER TABLE `orders`
  ADD PRIMARY KEY (`order_id`);

--
-- Indexes for table `order_item`
--
ALTER TABLE `order_item`
  ADD PRIMARY KEY (`order_item_id`);

--
-- Indexes for table `product`
--
ALTER TABLE `product`
  ADD PRIMARY KEY (`product_id`);

--
-- Indexes for table `purchase`
--
ALTER TABLE `purchase`
  ADD PRIMARY KEY (`purchase_id`);

--
-- Indexes for table `purchase_item`
--
ALTER TABLE `purchase_item`
  ADD PRIMARY KEY (`purchase_item_id`);

--
-- Indexes for table `transactions`
--
ALTER TABLE `transactions`
  ADD PRIMARY KEY (`transaction_id`);

--
-- Indexes for table `users`
--
ALTER TABLE `users`
  ADD PRIMARY KEY (`user_id`),
  ADD KEY `email` (`email`);

--
-- Indexes for table `vouchers`
--
ALTER TABLE `vouchers`
  ADD PRIMARY KEY (`voucher_id`);

--
-- AUTO_INCREMENT for dumped tables
--

--
-- AUTO_INCREMENT for table `admin`
--
ALTER TABLE `admin`
  MODIFY `id` int(11) NOT NULL AUTO_INCREMENT, AUTO_INCREMENT=3;

--
-- AUTO_INCREMENT for table `brands`
--
ALTER TABLE `brands`
  MODIFY `brand_id` int(11) NOT NULL AUTO_INCREMENT, AUTO_INCREMENT=2;

--
-- AUTO_INCREMENT for table `budget`
--
ALTER TABLE `budget`
  MODIFY `budget_id` int(11) NOT NULL AUTO_INCREMENT, AUTO_INCREMENT=196;

--
-- AUTO_INCREMENT for table `budget_category`
--
ALTER TABLE `budget_category`
  MODIFY `budget_category_id` int(11) NOT NULL AUTO_INCREMENT, AUTO_INCREMENT=3;

--
-- AUTO_INCREMENT for table `categories`
--
ALTER TABLE `categories`
  MODIFY `categories_id` int(11) NOT NULL AUTO_INCREMENT, AUTO_INCREMENT=4;

--
-- AUTO_INCREMENT for table `company`
--
ALTER TABLE `company`
  MODIFY `id` int(10) NOT NULL AUTO_INCREMENT, AUTO_INCREMENT=6;

--
-- AUTO_INCREMENT for table `customers`
--
ALTER TABLE `customers`
  MODIFY `customer_id` int(11) NOT NULL AUTO_INCREMENT, AUTO_INCREMENT=12;

--
-- AUTO_INCREMENT for table `orders`
--
ALTER TABLE `orders`
  MODIFY `order_id` int(11) NOT NULL AUTO_INCREMENT, AUTO_INCREMENT=190;

--
-- AUTO_INCREMENT for table `order_item`
--
ALTER TABLE `order_item`
  MODIFY `order_item_id` int(11) NOT NULL AUTO_INCREMENT, AUTO_INCREMENT=357;

--
-- AUTO_INCREMENT for table `product`
--
ALTER TABLE `product`
  MODIFY `product_id` int(200) NOT NULL AUTO_INCREMENT, AUTO_INCREMENT=76;

--
-- AUTO_INCREMENT for table `purchase`
--
ALTER TABLE `purchase`
  MODIFY `purchase_id` int(11) NOT NULL AUTO_INCREMENT, AUTO_INCREMENT=117;

--
-- AUTO_INCREMENT for table `purchase_item`
--
ALTER TABLE `purchase_item`
  MODIFY `purchase_item_id` int(255) NOT NULL AUTO_INCREMENT, AUTO_INCREMENT=192;

--
-- AUTO_INCREMENT for table `transactions`
--
ALTER TABLE `transactions`
  MODIFY `transaction_id` int(11) NOT NULL AUTO_INCREMENT, AUTO_INCREMENT=59;

--
-- AUTO_INCREMENT for table `users`
--
ALTER TABLE `users`
  MODIFY `user_id` int(11) NOT NULL AUTO_INCREMENT, AUTO_INCREMENT=2;

--
-- AUTO_INCREMENT for table `vouchers`
--
ALTER TABLE `vouchers`
  MODIFY `voucher_id` int(11) NOT NULL AUTO_INCREMENT;
COMMIT;

/*!40101 SET CHARACTER_SET_CLIENT=@OLD_CHARACTER_SET_CLIENT */;
/*!40101 SET CHARACTER_SET_RESULTS=@OLD_CHARACTER_SET_RESULTS */;
/*!40101 SET COLLATION_CONNECTION=@OLD_COLLATION_CONNECTION */;
